product_id,product_name,current_stock,average_daily_demand,forecast_demand,lead_time_days,safety_stock,reorder_point,recommended_order_qty,stock_status
P0003,Parle Namkeen,60,2.67,45,12,9,42,0,HEALTHY
P0076,Tata Soft Drinks,36,1.96,17,8,6,22,0,HEALTHY
P0039,HUL Leafy Greens,41,2.12,16,12,7,33,0,HEALTHY
P0032,Local Brand Cake,44,3.2,27,6,10,30,0,HEALTHY
P0051,Britannia Chocolates,27,1.61,6,6,5,15,0,HEALTHY
P0050,HUL Butter,44,2.14,14,5,7,18,0,HEALTHY
P0061,Aashirvaad Hair Oil,6,1.18,5,6,4,12,6,LOW STOCK
P0028,Godrej Tea,1,1.94,20,11,6,28,27,LOW STOCK
P0029,Local Brand Shampoo,9,2.65,18,9,8,32,23,LOW STOCK
P0030,Dabur Room Freshener,15,2.51,10,4,8,19,4,LOW STOCK
P0049,HUL Sugar,5,1.73,12,12,6,27,22,LOW STOCK
P0053,Aashirvaad Soap,33,3.22,51,12,10,49,28,LOW STOCK
P0037,Local Brand Soap,7,5.37,81,14,17,93,91,LOW STOCK
P0038,Local Brand Cleaning Liquid,32,2.64,34,9,8,32,10,LOW STOCK
P0047,Amul Potato,5,2.1,35,12,7,33,37,LOW STOCK
P0046,Aashirvaad Detergent,10,7.6,37,5,23,61,51,LOW STOCK
P0035,HUL Namkeen,21,3.49,37,12,11,53,32,LOW STOCK
P0025,Dabur Rice,20,2.52,22,8,8,29,10,LOW STOCK
P0044,Parle Coffee,2,19.13,166,8,58,212,222,LOW STOCK
P0004,Aashirvaad Tea,47,4.77,52,12,15,73,26,LOW STOCK
P0006,Nestle Detergent,13,1.73,10,8,6,20,7,LOW STOCK
P0075,Dabur Chips,9,3.17,33,8,10,36,34,LOW STOCK
P0018,Local Brand Cheese,14,2.42,44,12,8,38,38,LOW STOCK
P0073,Britannia Salt,26,1.83,12,12,6,28,2,LOW STOCK
P0017,ITC Pulses,7,3.89,58,12,12,59,63,LOW STOCK
P0016,Nestle Rusk,33,6.57,116,14,20,112,103,LOW STOCK
P0009,Dabur Cooking Oil,47,7.48,34,4,23,53,10,LOW STOCK
P0014,Nestle Room Freshener,11,3.11,9,5,10,26,15,LOW STOCK
P0067,Parle Biscuits,16,5.81,53,11,18,82,66,LOW STOCK
P0070,Nestle Dishwash,26,5.76,38,6,18,53,30,LOW STOCK
P0064,ITC Rusk,106,1.28,21,9,4,16,0,OVERSTOCK
P0077,Tata Soap,422,0.4,3,12,2,7,0,OVERSTOCK
P0072,Nestle Bread,276,0.62,5,4,2,5,0,OVERSTOCK
P0052,Godrej Juices,323,0.62,1,8,2,7,0,OVERSTOCK
P0069,Tata Shampoo,162,1.08,2,5,4,10,0,OVERSTOCK
P0068,Aashirvaad Coffee,344,0.89,4,5,3,8,0,OVERSTOCK
P0054,Tata Room Freshener,303,0.71,10,12,3,12,0,OVERSTOCK
P0055,Local Brand Potato,445,0.27,4,14,1,5,0,OVERSTOCK
P0057,Tata Wheat Flour,419,0.64,15,12,2,10,0,OVERSTOCK
P0045,Godrej Soap,97,1.2,15,12,4,19,0,OVERSTOCK
P0062,Nestle Detergent,382,0.29,1,6,1,3,0,OVERSTOCK
P0071,Parle Potato,188,0.97,6,8,3,11,0,OVERSTOCK
P0040,Godrej Cake,256,0.46,0,6,2,5,0,OVERSTOCK
P0080,Patanjali Cake,384,0.56,3,12,2,9,0,OVERSTOCK
P0042,Patanjali Cheese,106,0.96,9,12,3,15,0,OVERSTOCK
P0012,Dabur Coffee,241,0.93,6,9,3,12,0,OVERSTOCK
P0020,ITC Coffee,313,0.5,5,8,2,6,0,OVERSTOCK
P0011,Nestle Chocolates,100,2.55,21,6,8,24,0,OVERSTOCK
P0043,Tata Chips,334,0.81,7,8,3,10,0,OVERSTOCK
P0022,Dabur Dishwash,57,2.31,7,4,7,17,0,OVERSTOCK
P0008,Dabur Cake,231,0.53,2,12,2,9,0,OVERSTOCK
P0023,Nestle Onion,378,0.23,0,4,1,2,0,OVERSTOCK
P0013,HUL Soap,131,1.11,12,12,4,18,0,OVERSTOCK
P0024,Local Brand Rusk,286,0.59,11,11,2,9,0,OVERSTOCK
P0007,ITC Tomato,332,0.79,12,14,3,15,0,OVERSTOCK
P0027,Nestle Namkeen,434,0.55,7,8,2,7,0,OVERSTOCK
P0031,ITC Potato,423,0.71,3,12,3,12,0,OVERSTOCK
P0033,Parle Rice,230,0.84,2,8,3,10,0,OVERSTOCK
P0034,Tata Milk,232,0.84,3,6,3,9,0,OVERSTOCK
P0002,Tata Butter,389,0.84,16,9,3,11,0,OVERSTOCK
P0041,Dabur Cooking Oil,179,1.13,7,8,4,14,0,OVERSTOCK
P0026,Amul Cheese,425,0.26,2,5,1,3,0,OVERSTOCK
P0019,Parle Chocolates,510,0.4,9,14,2,8,0,OVERSTOCK
P0074,HUL Paneer,0,10.85,69,6,33,99,102,REORDER NOW
P0010,Local Brand Curd,0,7.79,122,14,24,134,146,REORDER NOW
P0005,Tata Toothpaste,0,2.02,21,9,7,26,28,REORDER NOW
P0078,ITC Room Freshener,0,2.28,9,6,7,21,21,REORDER NOW
P0021,Aashirvaad Soap,0,7.77,150,14,24,133,174,REORDER NOW
P0066,Aashirvaad Cheese,0,15.64,147,8,47,173,194,REORDER NOW
P0065,Aashirvaad Wheat Flour,0,16.66,200,12,50,250,250,REORDER NOW
P0063,Amul Leafy Greens,0,9.39,155,12,29,142,184,REORDER NOW
P0060,Patanjali Juices,0,8.69,99,12,27,132,132,REORDER NOW
P0059,Tata Biscuits,0,13.01,184,14,40,223,224,REORDER NOW
P0058,Tata Cheese,0,11.08,92,8,34,123,126,REORDER NOW
P0056,ITC Rusk,0,2.47,18,8,8,28,28,REORDER NOW
P0036,Tata Tea,0,2.42,24,9,8,30,32,REORDER NOW
P0048,Godrej Cake,0,4.5,21,4,14,32,35,REORDER NOW
P0079,HUL Onion,0,34.99,338,9,105,420,443,REORDER NOW
P0015,Parle Potato,0,7.89,100,12,24,119,124,REORDER NOW
P0001,Patanjali Cooking Oil,0,6.75,38,5,21,55,59,REORDER NOW
