customer_id,customer_name,gender,age,city,customer_segment,registration_date
C00001,Anitha Murthy,Male,38,Coimbatore,Regular,2022-06-04
C00002,Arjun Murthy,Male,36,Madurai,Premium,2023-05-05
C00003,Anitha Raj,Female,36,Madurai,Occasional,2024-02-24
C00004,Suresh Nair,Male,42,Coimbatore,Premium,2022-09-03
C00005,Divya Raj,Male,39,Trichy,Regular,2024-11-28
C00006,Suresh Nair,Female,48,Salem,Regular,2024-01-29
C00007,Anitha Iyer,Male,34,Chennai,Regular,2023-06-22
C00008,Senthil Iyer,Female,40,Chennai,Regular,2024-07-09
C00009,Vijay Murthy,Male,49,Salem,Regular,2023-02-12
C00010,Sowmya Nair,Female,27,Coimbatore,Occasional,2023-06-09
C00011,Priya Raj,Male,27,Trichy,Regular,2024-04-07
C00012,Deepa Nair,Female,53,Coimbatore,Regular,2024-06-21
C00013,Priya Kumar,Male,25,Coimbatore,Premium,2022-02-05
C00014,Senthil Prakash,Male,69,Chennai,Premium,2023-11-16
C00015,Vijay Prakash,Male,37,Chennai,Regular,2022-01-20
C00016,Ganesh Murthy,Male,49,Trichy,Occasional,2022-11-17
C00017,Deepa Murthy,Male,67,Coimbatore,Regular,2023-05-27
C00018,Arjun Raj,Male,31,Salem,Occasional,2023-02-04
C00019,Karthik Prakash,Female,67,Vellore,Occasional,2023-10-16
C00020,Priya Pillai,Male,45,Madurai,Occasional,2024-08-29
C00021,Suresh Reddy,Male,63,Salem,Premium,2023-04-16
C00022,Suresh Kumar,Female,69,Coimbatore,Regular,2024-04-13
C00023,Anitha Pillai,Female,41,Coimbatore,Regular,2023-12-28
C00024,Priya Pillai,Male,32,Salem,Premium,2024-05-03
C00025,Ravi Iyer,Male,39,Coimbatore,Regular,2022-02-20
C00026,Divya Pillai,Male,47,Trichy,Occasional,2023-07-29
C00027,Deepa Prakash,Female,21,Chennai,Regular,2022-05-30
C00028,Meena Prakash,Female,30,Trichy,Regular,2022-11-10
C00029,Lakshmi Reddy,Male,40,Vellore,Regular,2023-07-24
C00030,Arjun Prakash,Female,25,Vellore,Regular,2022-11-01
C00031,Senthil Reddy,Female,35,Salem,Premium,2023-11-13
C00032,Meena Nair,Female,29,Salem,Occasional,2024-04-17
C00033,Lakshmi Raj,Female,48,Madurai,Occasional,2024-12-13
C00034,Muthu Kumar,Male,31,Trichy,Occasional,2024-09-29
C00035,Sowmya Iyer,Male,51,Chennai,Occasional,2023-03-20
C00036,Ravi Krishnan,Male,35,Coimbatore,Occasional,2023-09-05
C00037,Kavya Nair,Male,51,Madurai,Regular,2024-09-19
C00038,Meena Iyer,Female,28,Tirunelveli,Occasional,2022-09-21
C00039,Arjun Iyer,Female,58,Coimbatore,Regular,2024-12-12
C00040,Muthu Pillai,Male,29,Madurai,Regular,2024-09-30
C00041,Vijay Raj,Male,66,Madurai,Premium,2022-01-05
C00042,Vijay Pillai,Male,32,Trichy,Regular,2024-02-13
C00043,Muthu Murthy,Female,48,Salem,Regular,2024-05-26
C00044,Senthil Kumar,Male,66,Chennai,Regular,2024-09-18
C00045,Divya Nair,Male,46,Madurai,Regular,2024-06-02
C00046,Lakshmi Nair,Male,43,Vellore,New,2022-02-16
C00047,Priya Raj,Male,35,Madurai,Regular,2024-05-16
C00048,Deepa Pillai,Female,49,Chennai,Regular,2024-04-02
C00049,Senthil Reddy,Female,39,Trichy,Regular,2024-07-24
C00050,Divya Reddy,Male,55,Vellore,Regular,2023-10-18
C00051,Ravi Nair,Female,34,Chennai,New,2022-09-26
C00052,Priya Reddy,Female,40,Salem,Regular,2023-01-05
C00053,Arjun Murthy,Female,41,Vellore,Premium,2023-09-28
C00054,Ravi Pillai,Male,67,Madurai,Occasional,2023-10-19
C00055,Deepa Raj,Male,25,Tirunelveli,New,2022-04-30
C00056,Senthil Pillai,Male,58,Salem,Premium,2024-04-10
C00057,Divya Nair,Female,23,Salem,Occasional,2024-12-17
C00058,Anitha Reddy,Male,22,Salem,Regular,2024-01-11
C00059,Senthil Reddy,Male,61,Chennai,Regular,2022-04-27
C00060,Anitha Murthy,Male,46,Chennai,Regular,2024-03-01
C00061,Suresh Iyer,Female,45,Madurai,Occasional,2024-10-09
C00062,Deepa Reddy,Male,28,Chennai,Regular,2024-12-17
C00063,Lakshmi Nair,Female,18,Coimbatore,Regular,2023-09-26
C00064,Muthu Murthy,Female,60,Erode,Regular,2023-05-28
C00065,Arjun Nair,Male,36,Vellore,Regular,2024-03-12
C00066,Anitha Iyer,Female,26,Trichy,Regular,2023-07-14
C00067,Deepa Pillai,Male,44,Vellore,New,2023-05-03
C00068,Ganesh Krishnan,Female,51,Salem,Regular,2024-06-15
C00069,Ganesh Iyer,Male,61,Coimbatore,Premium,2023-12-05
C00070,Sowmya Prakash,Female,21,Chennai,Occasional,2023-08-04
C00071,Karthik Nair,Female,53,Madurai,Regular,2024-02-29
C00072,Senthil Raj,Female,35,Salem,Regular,2024-05-10
C00073,Meena Nair,Female,32,Coimbatore,Regular,2022-09-04
C00074,Meena Iyer,Male,68,Trichy,Regular,2022-06-03
C00075,Suresh Kumar,Female,30,Chennai,Premium,2024-09-23
C00076,Priya Iyer,Female,36,Salem,Regular,2023-11-28
C00077,Sowmya Raj,Female,66,Vellore,Regular,2024-12-28
C00078,Ganesh Reddy,Male,23,Salem,Premium,2024-12-06
C00079,Ravi Reddy,Female,65,Tirunelveli,New,2024-10-05
C00080,Sowmya Reddy,Female,29,Vellore,Occasional,2022-04-04
C00081,Meena Prakash,Female,68,Erode,Occasional,2024-08-15
C00082,Arjun Raj,Male,54,Erode,Occasional,2024-10-08
C00083,Deepa Iyer,Female,34,Vellore,Regular,2023-03-29
C00084,Lakshmi Murthy,Male,40,Trichy,Occasional,2024-06-30
C00085,Ganesh Kumar,Female,43,Chennai,Regular,2022-08-06
C00086,Meena Raj,Male,46,Madurai,Occasional,2023-04-19
C00087,Ganesh Prakash,Female,50,Trichy,Premium,2023-03-08
C00088,Ganesh Murthy,Female,44,Coimbatore,Regular,2022-12-07
C00089,Senthil Krishnan,Male,42,Coimbatore,Occasional,2023-07-05
C00090,Deepa Murthy,Female,27,Tirunelveli,New,2022-12-23
C00091,Ganesh Prakash,Male,64,Erode,Regular,2022-01-23
C00092,Sowmya Krishnan,Female,40,Vellore,Occasional,2023-06-06
C00093,Vijay Iyer,Female,38,Coimbatore,Regular,2024-03-12
C00094,Vijay Murthy,Female,38,Chennai,Premium,2024-02-01
C00095,Sowmya Iyer,Female,60,Chennai,Premium,2023-03-18
C00096,Vijay Krishnan,Female,30,Coimbatore,Premium,2024-02-08
C00097,Karthik Nair,Male,54,Chennai,New,2024-10-12
C00098,Meena Nair,Male,50,Chennai,Occasional,2023-05-31
C00099,Senthil Pillai,Female,41,Erode,Occasional,2024-11-05
C00100,Karthik Prakash,Female,61,Salem,Regular,2024-03-02
C00101,Suresh Iyer,Female,28,Coimbatore,New,2022-12-02
C00102,Muthu Prakash,Female,34,Chennai,Regular,2022-09-15
C00103,Ravi Raj,Male,21,Madurai,Occasional,2023-05-12
C00104,Deepa Reddy,Female,64,Chennai,Regular,2024-06-14
C00105,Senthil Murthy,Male,42,Erode,Regular,2022-06-09
C00106,Ganesh Reddy,Female,47,Coimbatore,Occasional,2024-05-01
C00107,Priya Iyer,Male,26,Coimbatore,Regular,2023-11-21
C00108,Deepa Reddy,Male,38,Coimbatore,Regular,2023-01-15
C00109,Arjun Reddy,Male,37,Chennai,Regular,2024-08-14
C00110,Sowmya Kumar,Male,36,Trichy,Regular,2023-11-22
C00111,Kavya Nair,Female,36,Salem,Regular,2024-12-02
C00112,Muthu Reddy,Male,29,Trichy,Regular,2022-10-12
C00113,Meena Krishnan,Male,54,Chennai,Regular,2023-02-01
C00114,Meena Nair,Male,59,Trichy,Regular,2022-01-12
C00115,Deepa Krishnan,Male,34,Madurai,Occasional,2023-05-14
C00116,Arjun Reddy,Male,54,Vellore,Regular,2024-01-24
C00117,Senthil Reddy,Male,65,Coimbatore,New,2022-02-04
C00118,Lakshmi Krishnan,Female,56,Coimbatore,Occasional,2023-12-28
C00119,Suresh Murthy,Female,45,Trichy,Regular,2024-04-28
C00120,Arjun Reddy,Female,58,Trichy,Occasional,2022-03-31
C00121,Arjun Raj,Male,52,Madurai,Occasional,2024-02-15
C00122,Deepa Prakash,Male,64,Coimbatore,New,2023-08-28
C00123,Ganesh Prakash,Female,65,Madurai,Premium,2024-08-27
C00124,Priya Nair,Male,35,Vellore,Regular,2024-10-18
C00125,Muthu Pillai,Male,31,Madurai,Premium,2023-02-22
C00126,Ravi Krishnan,Male,52,Erode,Premium,2022-04-25
C00127,Senthil Pillai,Male,61,Madurai,Premium,2023-09-09
C00128,Muthu Nair,Male,58,Erode,Regular,2024-04-05
C00129,Deepa Nair,Male,24,Vellore,Occasional,2023-02-17
C00130,Karthik Krishnan,Female,58,Coimbatore,New,2023-12-30
C00131,Arjun Murthy,Female,30,Vellore,Regular,2024-10-17
C00132,Priya Pillai,Female,35,Chennai,Regular,2024-01-31
C00133,Meena Raj,Female,54,Erode,Regular,2023-11-07
C00134,Priya Kumar,Female,30,Trichy,Occasional,2023-04-02
C00135,Meena Iyer,Female,53,Chennai,Occasional,2024-07-08
C00136,Arjun Prakash,Female,48,Trichy,Premium,2022-07-11
C00137,Meena Prakash,Male,19,Tirunelveli,Regular,2024-01-09
C00138,Sowmya Raj,Male,33,Chennai,Premium,2024-09-04
C00139,Ravi Krishnan,Male,26,Madurai,Regular,2024-10-05
C00140,Vijay Pillai,Female,26,Salem,Premium,2022-04-06
C00141,Lakshmi Raj,Female,55,Vellore,Occasional,2023-10-25
C00142,Lakshmi Nair,Male,28,Coimbatore,New,2022-02-06
C00143,Divya Kumar,Female,39,Chennai,New,2022-10-06
C00144,Anitha Reddy,Male,50,Chennai,New,2022-08-05
C00145,Muthu Iyer,Female,53,Trichy,Regular,2024-05-16
C00146,Karthik Iyer,Male,62,Madurai,Premium,2024-05-22
C00147,Divya Nair,Male,40,Erode,Occasional,2022-03-03
C00148,Divya Kumar,Male,62,Chennai,New,2023-08-19
C00149,Kavya Murthy,Male,62,Trichy,Regular,2023-12-30
C00150,Deepa Pillai,Male,51,Chennai,Regular,2023-02-01
C00151,Karthik Murthy,Male,26,Chennai,Regular,2023-11-30
C00152,Senthil Kumar,Female,41,Madurai,Premium,2024-11-08
C00153,Deepa Krishnan,Female,25,Madurai,Regular,2022-06-26
C00154,Divya Reddy,Male,24,Trichy,Regular,2023-01-31
C00155,Kavya Krishnan,Female,53,Erode,Regular,2023-03-21
C00156,Suresh Reddy,Female,35,Trichy,Regular,2022-03-17
C00157,Lakshmi Murthy,Male,20,Tirunelveli,Occasional,2022-09-22
C00158,Vijay Murthy,Male,45,Erode,Regular,2023-03-31
C00159,Sowmya Krishnan,Male,23,Trichy,Occasional,2023-12-19
C00160,Deepa Nair,Male,61,Vellore,Premium,2024-01-05
C00161,Senthil Iyer,Female,61,Trichy,Occasional,2024-04-30
C00162,Karthik Nair,Male,38,Chennai,Regular,2022-05-24
C00163,Ganesh Iyer,Female,45,Salem,New,2024-06-03
C00164,Ganesh Reddy,Female,57,Chennai,Premium,2024-12-28
C00165,Senthil Kumar,Male,18,Trichy,New,2023-01-31
C00166,Sowmya Pillai,Female,53,Salem,New,2024-11-14
C00167,Lakshmi Krishnan,Male,38,Chennai,Regular,2024-08-05
C00168,Ravi Pillai,Female,60,Chennai,Regular,2024-06-09
C00169,Vijay Pillai,Male,52,Erode,Regular,2023-07-23
C00170,Vijay Nair,Female,30,Trichy,Premium,2024-11-28
C00171,Arjun Murthy,Female,66,Chennai,Regular,2022-04-19
C00172,Ravi Raj,Male,27,Salem,Regular,2024-12-01
C00173,Meena Reddy,Female,61,Trichy,Premium,2024-07-23
C00174,Sowmya Murthy,Female,64,Madurai,Regular,2023-02-02
C00175,Meena Krishnan,Female,27,Tirunelveli,Regular,2023-09-26
C00176,Sowmya Krishnan,Female,63,Trichy,Regular,2024-01-03
C00177,Arjun Raj,Female,30,Coimbatore,Regular,2022-08-23
C00178,Anitha Iyer,Male,54,Vellore,Regular,2023-10-20
C00179,Muthu Iyer,Male,55,Erode,Premium,2024-01-21
C00180,Anitha Pillai,Female,41,Chennai,Premium,2023-08-11
C00181,Sowmya Murthy,Male,19,Chennai,Occasional,2024-10-29
C00182,Kavya Reddy,Female,39,Chennai,Premium,2024-08-11
C00183,Senthil Pillai,Female,34,Salem,Premium,2023-05-07
C00184,Ganesh Nair,Male,53,Trichy,Regular,2024-07-01
C00185,Anitha Nair,Male,31,Trichy,Occasional,2022-06-19
C00186,Meena Raj,Female,27,Erode,Occasional,2024-08-03
C00187,Ravi Pillai,Male,52,Salem,Occasional,2024-03-05
C00188,Divya Murthy,Female,42,Chennai,Occasional,2023-09-26
C00189,Lakshmi Iyer,Male,20,Coimbatore,Regular,2022-01-29
C00190,Ravi Krishnan,Female,64,Coimbatore,Regular,2022-12-05
C00191,Vijay Murthy,Male,55,Coimbatore,Regular,2023-05-15
C00192,Anitha Raj,Female,34,Trichy,New,2023-05-26
C00193,Ravi Nair,Male,29,Erode,Occasional,2022-08-05
C00194,Meena Pillai,Female,69,Coimbatore,Occasional,2024-12-29
C00195,Lakshmi Nair,Male,41,Madurai,Regular,2023-03-21
C00196,Arjun Murthy,Female,46,Salem,Occasional,2024-05-25
C00197,Suresh Nair,Female,60,Coimbatore,Regular,2022-06-16
C00198,Priya Kumar,Male,42,Chennai,Regular,2022-04-01
C00199,Anitha Prakash,Male,53,Madurai,Regular,2023-12-15
C00200,Sowmya Raj,Male,43,Chennai,Premium,2022-02-08
C00201,Arjun Nair,Female,55,Erode,Premium,2022-06-22
C00202,Sowmya Krishnan,Female,18,Chennai,Occasional,2023-10-15
C00203,Ganesh Pillai,Female,37,Coimbatore,Regular,2024-01-24
C00204,Lakshmi Kumar,Male,45,Madurai,Premium,2024-12-17
C00205,Vijay Krishnan,Male,33,Tirunelveli,Premium,2023-04-21
C00206,Divya Raj,Female,64,Chennai,Regular,2023-04-01
C00207,Muthu Krishnan,Male,34,Chennai,Occasional,2024-04-08
C00208,Karthik Kumar,Female,57,Chennai,Occasional,2024-06-13
C00209,Suresh Prakash,Male,45,Chennai,Occasional,2024-10-21
C00210,Anitha Raj,Female,29,Chennai,Occasional,2023-01-22
C00211,Meena Raj,Male,44,Trichy,Occasional,2022-12-14
C00212,Deepa Iyer,Male,59,Chennai,Regular,2022-07-09
C00213,Muthu Krishnan,Female,64,Chennai,Occasional,2023-05-20
C00214,Ganesh Nair,Female,47,Vellore,Regular,2024-04-03
C00215,Deepa Nair,Female,58,Coimbatore,Regular,2024-07-17
C00216,Priya Raj,Male,51,Coimbatore,Regular,2024-07-22
C00217,Ravi Iyer,Male,54,Coimbatore,Occasional,2022-05-14
C00218,Vijay Raj,Female,23,Tirunelveli,Occasional,2022-02-27
C00219,Lakshmi Iyer,Female,24,Chennai,Regular,2023-11-16
C00220,Lakshmi Murthy,Male,49,Erode,Occasional,2023-11-03
C00221,Karthik Prakash,Male,49,Salem,New,2022-06-22
C00222,Arjun Reddy,Male,42,Chennai,Regular,2024-03-25
C00223,Ganesh Krishnan,Female,50,Tirunelveli,Regular,2022-03-21
C00224,Anitha Kumar,Male,24,Chennai,Occasional,2024-06-04
C00225,Meena Nair,Male,69,Chennai,Regular,2022-07-22
C00226,Anitha Krishnan,Male,29,Vellore,Premium,2024-02-03
C00227,Karthik Iyer,Male,33,Salem,Regular,2022-02-16
C00228,Vijay Iyer,Male,33,Trichy,Premium,2023-10-18
C00229,Deepa Raj,Male,60,Chennai,Occasional,2023-04-16
C00230,Meena Prakash,Male,53,Madurai,Occasional,2024-08-28
C00231,Vijay Prakash,Female,30,Salem,Occasional,2024-11-01
C00232,Karthik Kumar,Male,24,Coimbatore,Occasional,2024-01-06
C00233,Lakshmi Nair,Female,53,Coimbatore,Occasional,2024-02-23
C00234,Anitha Krishnan,Female,64,Chennai,Occasional,2024-08-25
C00235,Divya Krishnan,Female,68,Chennai,Regular,2022-12-24
C00236,Anitha Reddy,Female,26,Erode,Premium,2024-08-29
C00237,Vijay Murthy,Male,49,Coimbatore,Regular,2023-10-30
C00238,Sowmya Krishnan,Male,28,Tirunelveli,Occasional,2023-01-08
C00239,Karthik Kumar,Female,25,Coimbatore,Regular,2024-10-28
C00240,Deepa Pillai,Female,50,Salem,Premium,2023-11-07
C00241,Vijay Kumar,Female,40,Chennai,Regular,2022-03-31
C00242,Karthik Iyer,Female,42,Coimbatore,Occasional,2023-11-29
C00243,Arjun Nair,Female,25,Chennai,Occasional,2023-06-24
C00244,Priya Prakash,Male,62,Coimbatore,Regular,2024-01-02
C00245,Sowmya Murthy,Male,39,Madurai,Occasional,2024-05-18
C00246,Ganesh Nair,Female,21,Tirunelveli,Regular,2022-02-10
C00247,Lakshmi Reddy,Female,57,Trichy,Premium,2024-01-10
C00248,Sowmya Raj,Male,20,Chennai,Occasional,2023-05-17
C00249,Sowmya Pillai,Female,46,Chennai,Regular,2024-08-16
C00250,Deepa Pillai,Male,58,Chennai,New,2024-07-17
C00251,Senthil Raj,Female,46,Madurai,Regular,2023-04-06
C00252,Lakshmi Pillai,Male,51,Salem,Regular,2024-01-02
C00253,Deepa Krishnan,Male,51,Erode,New,2024-01-22
C00254,Anitha Reddy,Female,45,Chennai,Regular,2024-07-13
C00255,Priya Krishnan,Male,30,Madurai,New,2024-06-27
C00256,Karthik Pillai,Female,32,Madurai,New,2023-01-25
C00257,Vijay Pillai,Female,40,Trichy,Regular,2024-06-01
C00258,Divya Reddy,Female,61,Madurai,Premium,2022-09-13
C00259,Arjun Murthy,Male,43,Trichy,Regular,2023-12-10
C00260,Ganesh Reddy,Male,21,Trichy,Regular,2023-03-26
C00261,Priya Iyer,Male,43,Chennai,Regular,2022-01-10
C00262,Kavya Krishnan,Female,57,Vellore,Regular,2024-04-03
C00263,Ganesh Kumar,Female,26,Chennai,Regular,2024-03-08
C00264,Ravi Nair,Female,22,Salem,Regular,2024-05-26
C00265,Suresh Nair,Female,49,Coimbatore,New,2024-10-25
C00266,Ganesh Krishnan,Female,37,Madurai,Occasional,2024-10-12
C00267,Divya Kumar,Female,67,Erode,Occasional,2023-01-09
C00268,Meena Prakash,Male,28,Erode,Premium,2024-12-24
C00269,Anitha Murthy,Female,32,Vellore,Occasional,2022-05-26
C00270,Arjun Murthy,Male,49,Madurai,Regular,2022-08-12
C00271,Deepa Raj,Female,45,Salem,Occasional,2022-06-26
C00272,Meena Raj,Female,39,Madurai,New,2024-05-02
C00273,Ganesh Raj,Female,58,Vellore,Regular,2022-03-04
C00274,Suresh Krishnan,Male,34,Coimbatore,Occasional,2024-04-06
C00275,Anitha Murthy,Male,43,Tirunelveli,Occasional,2024-03-05
C00276,Vijay Reddy,Male,61,Erode,New,2023-11-20
C00277,Sowmya Krishnan,Male,24,Salem,Occasional,2022-04-15
C00278,Meena Krishnan,Male,59,Chennai,Regular,2023-05-26
C00279,Suresh Reddy,Female,43,Chennai,Regular,2023-01-20
C00280,Ravi Murthy,Female,42,Vellore,Regular,2023-02-09
C00281,Suresh Raj,Male,27,Chennai,Occasional,2024-04-02
C00282,Vijay Reddy,Male,62,Vellore,Regular,2023-06-02
C00283,Senthil Murthy,Male,36,Madurai,Occasional,2023-04-21
C00284,Vijay Kumar,Female,28,Coimbatore,Regular,2023-12-10
C00285,Anitha Nair,Male,30,Erode,Regular,2024-02-10
C00286,Sowmya Prakash,Female,25,Trichy,Premium,2024-11-12
C00287,Ganesh Murthy,Male,57,Trichy,Occasional,2024-09-23
C00288,Sowmya Pillai,Female,21,Madurai,Regular,2023-11-08
C00289,Senthil Murthy,Female,64,Coimbatore,Regular,2023-12-15
C00290,Muthu Krishnan,Male,48,Salem,Premium,2022-03-24
C00291,Senthil Iyer,Female,45,Chennai,Regular,2023-04-02
C00292,Meena Reddy,Male,28,Erode,Regular,2022-01-01
C00293,Meena Reddy,Female,60,Erode,Occasional,2022-02-20
C00294,Priya Pillai,Male,18,Coimbatore,Premium,2023-11-16
C00295,Sowmya Reddy,Female,66,Salem,Regular,2023-12-18
C00296,Muthu Prakash,Female,64,Trichy,Occasional,2023-03-25
C00297,Sowmya Kumar,Female,69,Coimbatore,New,2024-05-30
C00298,Suresh Murthy,Female,55,Tirunelveli,Premium,2023-05-03
C00299,Senthil Raj,Male,41,Chennai,Premium,2022-02-03
C00300,Ganesh Raj,Male,64,Chennai,Occasional,2022-04-05
C00301,Ganesh Kumar,Male,48,Madurai,New,2024-12-31
C00302,Suresh Reddy,Male,58,Madurai,Occasional,2022-06-03
C00303,Suresh Raj,Female,63,Trichy,Regular,2022-09-07
C00304,Sowmya Nair,Male,67,Salem,Premium,2023-11-05
C00305,Senthil Reddy,Female,43,Trichy,Occasional,2023-03-14
C00306,Karthik Pillai,Female,66,Trichy,Regular,2022-04-28
C00307,Muthu Pillai,Female,67,Chennai,Regular,2024-02-10
C00308,Sowmya Murthy,Male,22,Coimbatore,Occasional,2022-09-25
C00309,Priya Raj,Female,37,Chennai,Occasional,2024-12-13
C00310,Meena Nair,Female,69,Chennai,Regular,2022-08-24
C00311,Meena Raj,Male,58,Madurai,Occasional,2023-01-24
C00312,Deepa Raj,Female,28,Chennai,Regular,2024-09-16
C00313,Divya Krishnan,Female,50,Chennai,Regular,2024-02-02
C00314,Lakshmi Nair,Male,67,Chennai,Occasional,2023-02-05
C00315,Arjun Kumar,Male,55,Erode,Regular,2023-09-16
C00316,Senthil Kumar,Male,44,Erode,Regular,2024-02-06
C00317,Anitha Pillai,Male,51,Trichy,New,2024-07-07
C00318,Kavya Reddy,Male,32,Erode,Regular,2024-05-02
C00319,Suresh Iyer,Male,49,Salem,Regular,2023-08-01
C00320,Deepa Prakash,Male,38,Trichy,New,2022-03-16
C00321,Lakshmi Prakash,Male,63,Chennai,Occasional,2023-03-11
C00322,Karthik Reddy,Female,22,Salem,Occasional,2022-04-13
C00323,Meena Krishnan,Female,23,Salem,Occasional,2024-02-03
C00324,Suresh Iyer,Female,55,Trichy,Regular,2024-01-08
C00325,Ganesh Nair,Male,39,Salem,Occasional,2024-03-16
C00326,Ganesh Nair,Male,35,Madurai,Premium,2022-04-08
C00327,Arjun Krishnan,Male,31,Salem,Occasional,2024-03-08
C00328,Anitha Murthy,Male,27,Erode,Premium,2024-05-08
C00329,Lakshmi Raj,Male,63,Coimbatore,Premium,2023-03-11
C00330,Ganesh Pillai,Female,30,Salem,Premium,2023-03-23
C00331,Anitha Reddy,Male,48,Madurai,Premium,2022-09-06
C00332,Vijay Krishnan,Female,47,Trichy,Occasional,2022-06-15
C00333,Anitha Iyer,Female,20,Salem,Premium,2024-09-10
C00334,Muthu Krishnan,Male,47,Chennai,Premium,2024-10-16
C00335,Divya Iyer,Male,23,Trichy,Premium,2023-06-26
C00336,Muthu Pillai,Female,46,Chennai,Premium,2024-01-29
C00337,Anitha Nair,Male,25,Trichy,Occasional,2022-03-22
C00338,Arjun Reddy,Male,61,Madurai,Occasional,2022-05-13
C00339,Vijay Kumar,Female,62,Salem,Occasional,2024-03-07
C00340,Priya Krishnan,Male,60,Chennai,New,2024-06-18
C00341,Anitha Iyer,Female,61,Trichy,Occasional,2022-05-18
C00342,Kavya Iyer,Female,50,Chennai,Premium,2022-07-03
C00343,Ravi Nair,Male,34,Vellore,Occasional,2024-02-24
C00344,Suresh Raj,Male,65,Erode,New,2024-09-10
C00345,Priya Nair,Male,28,Tirunelveli,Premium,2022-03-10
C00346,Ganesh Kumar,Male,30,Vellore,Occasional,2023-06-30
C00347,Kavya Prakash,Male,67,Salem,Occasional,2022-02-22
C00348,Karthik Nair,Female,28,Chennai,Premium,2022-07-24
C00349,Senthil Reddy,Male,48,Coimbatore,Regular,2022-05-06
C00350,Lakshmi Iyer,Male,45,Madurai,Regular,2022-02-12
C00351,Suresh Murthy,Female,61,Salem,New,2022-04-21
C00352,Kavya Murthy,Female,23,Erode,Occasional,2024-01-31
C00353,Vijay Prakash,Female,58,Chennai,Premium,2024-04-27
C00354,Vijay Krishnan,Male,33,Erode,New,2022-04-05
C00355,Anitha Pillai,Female,21,Salem,Premium,2024-06-18
C00356,Divya Krishnan,Female,52,Trichy,Premium,2022-12-26
C00357,Karthik Prakash,Male,65,Chennai,Occasional,2024-06-18
C00358,Meena Reddy,Male,43,Chennai,Occasional,2022-10-08
C00359,Kavya Raj,Female,29,Madurai,Regular,2023-10-29
C00360,Muthu Kumar,Male,28,Trichy,Premium,2022-04-03
C00361,Vijay Murthy,Male,54,Chennai,Premium,2023-11-03
C00362,Divya Krishnan,Male,42,Madurai,Regular,2022-03-02
C00363,Kavya Nair,Male,35,Vellore,Premium,2023-09-26
C00364,Muthu Pillai,Female,36,Vellore,Regular,2024-12-10
C00365,Divya Iyer,Female,40,Erode,Regular,2024-10-25
C00366,Sowmya Kumar,Female,55,Coimbatore,Regular,2023-08-27
C00367,Senthil Iyer,Male,35,Coimbatore,Regular,2023-11-13
C00368,Karthik Krishnan,Male,43,Salem,Premium,2023-06-18
C00369,Anitha Reddy,Male,23,Coimbatore,Occasional,2024-04-17
C00370,Divya Prakash,Male,21,Chennai,Occasional,2023-10-07
C00371,Priya Kumar,Male,61,Chennai,Regular,2022-08-21
C00372,Anitha Krishnan,Female,68,Coimbatore,Regular,2023-06-08
C00373,Divya Raj,Male,46,Chennai,Regular,2022-12-12
C00374,Meena Murthy,Female,51,Coimbatore,Premium,2024-12-05
C00375,Suresh Reddy,Male,34,Chennai,Regular,2023-06-30
C00376,Ganesh Pillai,Male,60,Chennai,Premium,2024-03-04
C00377,Deepa Prakash,Male,60,Trichy,Regular,2022-09-06
C00378,Deepa Raj,Female,33,Trichy,Occasional,2022-02-16
C00379,Sowmya Reddy,Female,19,Trichy,Regular,2022-08-02
C00380,Vijay Kumar,Female,51,Chennai,Regular,2022-08-27
C00381,Kavya Iyer,Male,25,Chennai,Occasional,2024-12-15
C00382,Ganesh Krishnan,Male,30,Trichy,Regular,2022-12-16
C00383,Meena Pillai,Female,59,Trichy,Regular,2022-04-17
C00384,Divya Pillai,Male,25,Madurai,Premium,2024-04-10
C00385,Kavya Kumar,Female,47,Coimbatore,Premium,2022-02-17
C00386,Muthu Nair,Male,49,Erode,Occasional,2022-12-03
C00387,Ravi Raj,Male,53,Coimbatore,Regular,2024-11-15
C00388,Ganesh Raj,Male,64,Madurai,Regular,2024-03-14
C00389,Ravi Kumar,Male,47,Trichy,Regular,2022-01-08
C00390,Priya Pillai,Female,18,Madurai,Regular,2023-09-17
C00391,Meena Prakash,Male,60,Coimbatore,Occasional,2023-12-20
C00392,Ravi Raj,Male,56,Coimbatore,Occasional,2022-10-30
C00393,Ravi Iyer,Male,34,Vellore,Regular,2023-10-01
C00394,Meena Pillai,Male,37,Chennai,Premium,2022-02-25
C00395,Suresh Kumar,Female,41,Chennai,Regular,2023-12-27
C00396,Vijay Prakash,Female,67,Coimbatore,Occasional,2023-06-10
C00397,Suresh Murthy,Female,39,Vellore,Regular,2023-04-19
C00398,Vijay Prakash,Female,46,Chennai,Regular,2022-01-28
C00399,Divya Kumar,Male,39,Tirunelveli,Premium,2022-03-19
C00400,Suresh Kumar,Female,61,Madurai,Premium,2022-12-31
C00401,Kavya Iyer,Male,26,Tirunelveli,Premium,2023-10-28
C00402,Senthil Kumar,Male,54,Erode,Regular,2023-06-10
C00403,Lakshmi Nair,Female,27,Madurai,Regular,2023-11-30
C00404,Priya Prakash,Male,53,Chennai,Premium,2024-06-01
C00405,Deepa Murthy,Female,54,Chennai,Regular,2024-10-27
C00406,Divya Raj,Male,45,Chennai,Occasional,2024-10-23
C00407,Sowmya Krishnan,Female,45,Salem,Regular,2024-07-07
C00408,Kavya Murthy,Female,59,Chennai,Premium,2024-01-20
C00409,Divya Krishnan,Female,60,Coimbatore,Occasional,2022-12-29
C00410,Meena Kumar,Female,38,Coimbatore,Regular,2024-03-16
C00411,Anitha Krishnan,Female,41,Erode,Premium,2024-01-09
C00412,Arjun Kumar,Male,59,Chennai,Occasional,2024-11-04
C00413,Sowmya Reddy,Male,57,Chennai,Regular,2023-04-30
C00414,Deepa Raj,Male,19,Chennai,New,2022-01-28
C00415,Sowmya Krishnan,Female,25,Erode,Premium,2023-12-15
C00416,Karthik Raj,Male,65,Trichy,Regular,2024-11-28
C00417,Senthil Prakash,Female,44,Chennai,Regular,2022-03-27
C00418,Karthik Prakash,Male,39,Chennai,Regular,2022-05-06
C00419,Vijay Murthy,Male,54,Chennai,Occasional,2024-03-22
C00420,Senthil Reddy,Female,44,Chennai,Occasional,2023-06-21
C00421,Anitha Krishnan,Male,46,Erode,Occasional,2022-05-25
C00422,Deepa Raj,Male,20,Salem,New,2022-01-25
C00423,Divya Murthy,Male,61,Madurai,Occasional,2022-03-08
C00424,Ravi Reddy,Female,30,Vellore,Premium,2022-08-21
C00425,Ganesh Iyer,Female,62,Chennai,Regular,2022-04-19
C00426,Deepa Pillai,Male,27,Salem,Premium,2022-04-21
C00427,Ganesh Reddy,Male,53,Vellore,Regular,2022-08-16
C00428,Deepa Raj,Male,26,Coimbatore,Occasional,2022-04-21
C00429,Senthil Reddy,Female,44,Salem,Regular,2022-02-03
C00430,Senthil Nair,Female,51,Chennai,Regular,2023-09-15
C00431,Kavya Prakash,Male,68,Chennai,Regular,2024-01-18
C00432,Sowmya Raj,Male,18,Chennai,Regular,2023-08-18
C00433,Karthik Raj,Male,49,Coimbatore,Premium,2023-03-01
C00434,Karthik Reddy,Female,42,Salem,Premium,2023-09-05
C00435,Divya Pillai,Female,46,Erode,Premium,2023-11-23
C00436,Suresh Murthy,Male,24,Trichy,Premium,2022-11-11
C00437,Priya Murthy,Male,66,Vellore,Occasional,2024-05-26
C00438,Senthil Raj,Male,20,Vellore,Regular,2023-10-24
C00439,Deepa Pillai,Female,37,Chennai,Regular,2022-10-04
C00440,Deepa Kumar,Male,37,Madurai,Premium,2023-09-16
C00441,Anitha Nair,Female,47,Chennai,Premium,2023-05-31
C00442,Kavya Raj,Female,52,Trichy,Regular,2024-04-22
C00443,Ravi Prakash,Male,52,Erode,Regular,2022-12-16
C00444,Sowmya Iyer,Male,66,Chennai,Regular,2024-04-02
C00445,Divya Pillai,Male,56,Salem,Premium,2024-01-29
C00446,Kavya Raj,Female,44,Trichy,Regular,2024-06-17
C00447,Vijay Iyer,Female,43,Trichy,Premium,2022-08-31
C00448,Deepa Murthy,Female,31,Coimbatore,Occasional,2023-06-27
C00449,Arjun Nair,Female,34,Coimbatore,Regular,2024-11-29
C00450,Arjun Prakash,Male,35,Chennai,New,2022-08-17
C00451,Vijay Nair,Female,62,Chennai,Premium,2023-07-02
C00452,Senthil Pillai,Female,69,Chennai,Premium,2024-07-08
C00453,Arjun Prakash,Male,46,Trichy,Occasional,2022-01-06
C00454,Suresh Reddy,Female,37,Chennai,Occasional,2023-04-13
C00455,Karthik Prakash,Female,44,Erode,Premium,2022-03-16
C00456,Arjun Raj,Female,35,Madurai,Regular,2022-01-04
C00457,Ravi Reddy,Female,21,Salem,Regular,2023-10-08
C00458,Deepa Krishnan,Female,18,Coimbatore,Regular,2022-04-28
C00459,Senthil Prakash,Female,67,Madurai,Regular,2024-05-30
C00460,Kavya Nair,Male,18,Erode,Regular,2023-05-19
C00461,Senthil Raj,Male,43,Chennai,Regular,2024-08-04
C00462,Priya Prakash,Female,62,Chennai,Regular,2023-07-28
C00463,Lakshmi Kumar,Male,37,Salem,Occasional,2022-07-13
C00464,Karthik Nair,Male,69,Chennai,Occasional,2024-04-26
C00465,Ganesh Reddy,Male,40,Chennai,New,2023-12-16
C00466,Sowmya Krishnan,Male,27,Coimbatore,Premium,2024-11-15
C00467,Deepa Nair,Female,28,Chennai,Occasional,2022-06-22
C00468,Ravi Murthy,Female,58,Trichy,Occasional,2022-11-22
C00469,Divya Pillai,Male,58,Chennai,Regular,2024-04-15
C00470,Deepa Raj,Male,22,Erode,Regular,2023-12-25
C00471,Anitha Krishnan,Male,18,Salem,New,2022-08-13
C00472,Anitha Kumar,Female,34,Salem,Premium,2023-06-16
C00473,Meena Reddy,Female,39,Trichy,Premium,2022-04-23
C00474,Priya Kumar,Male,51,Vellore,Regular,2022-05-20
C00475,Ravi Nair,Female,62,Chennai,Regular,2023-07-13
C00476,Ravi Prakash,Female,58,Erode,Occasional,2022-01-01
C00477,Vijay Nair,Female,46,Salem,Premium,2022-03-31
C00478,Senthil Raj,Female,21,Salem,Regular,2023-10-16
C00479,Arjun Krishnan,Male,22,Madurai,Regular,2022-11-16
C00480,Deepa Prakash,Female,28,Chennai,Premium,2022-05-19
C00481,Suresh Reddy,Male,68,Coimbatore,Premium,2024-04-24
C00482,Meena Murthy,Female,38,Vellore,Regular,2022-09-16
C00483,Kavya Raj,Female,52,Chennai,Occasional,2024-06-20
C00484,Muthu Kumar,Female,29,Salem,Regular,2023-11-21
C00485,Deepa Kumar,Female,43,Chennai,Regular,2022-01-10
C00486,Ganesh Raj,Male,68,Chennai,Occasional,2022-09-18
C00487,Senthil Reddy,Female,36,Chennai,Regular,2022-06-21
C00488,Muthu Reddy,Female,62,Chennai,Occasional,2024-06-16
C00489,Anitha Raj,Female,24,Madurai,Occasional,2022-01-13
C00490,Muthu Kumar,Male,64,Chennai,Occasional,2022-11-17
C00491,Senthil Prakash,Male,24,Tirunelveli,Regular,2022-11-25
C00492,Ganesh Pillai,Male,43,Trichy,Regular,2024-02-24
C00493,Karthik Reddy,Female,57,Chennai,Regular,2024-02-16
C00494,Divya Iyer,Female,22,Trichy,Premium,2024-06-29
C00495,Deepa Reddy,Male,38,Erode,Occasional,2022-11-14
C00496,Karthik Reddy,Male,31,Salem,Occasional,2022-08-24
C00497,Anitha Pillai,Female,21,Chennai,Occasional,2022-11-30
C00498,Meena Pillai,Female,40,Erode,New,2023-01-11
C00499,Lakshmi Raj,Female,59,Vellore,Occasional,2023-08-11
C00500,Divya Murthy,Female,37,Chennai,Regular,2023-05-28
C00501,Ravi Pillai,Male,32,Chennai,Regular,2024-07-06
C00502,Kavya Prakash,Male,67,Madurai,Occasional,2024-05-22
C00503,Meena Raj,Female,69,Chennai,Regular,2022-09-27
C00504,Suresh Nair,Female,62,Vellore,Regular,2024-03-08
C00505,Ravi Prakash,Female,46,Coimbatore,Premium,2023-12-26
C00506,Suresh Raj,Female,25,Erode,Occasional,2022-01-05
C00507,Lakshmi Krishnan,Female,58,Madurai,Regular,2024-04-30
C00508,Ganesh Krishnan,Male,65,Chennai,Occasional,2022-03-19
C00509,Senthil Pillai,Male,36,Chennai,Occasional,2023-07-28
C00510,Suresh Krishnan,Male,65,Trichy,Premium,2022-05-12
C00511,Karthik Krishnan,Male,56,Salem,Regular,2023-08-24
C00512,Ganesh Nair,Female,63,Salem,Regular,2024-12-01
C00513,Vijay Kumar,Female,45,Chennai,Occasional,2022-03-30
C00514,Kavya Murthy,Male,63,Chennai,Occasional,2023-02-06
C00515,Karthik Nair,Male,44,Chennai,Occasional,2022-10-23
C00516,Ganesh Krishnan,Female,21,Trichy,Premium,2023-09-08
C00517,Priya Kumar,Male,32,Chennai,Regular,2024-03-10
C00518,Kavya Nair,Female,52,Coimbatore,Regular,2023-02-26
C00519,Karthik Raj,Female,54,Trichy,Occasional,2024-11-12
C00520,Muthu Krishnan,Female,18,Erode,Regular,2023-07-29
C00521,Priya Krishnan,Male,20,Coimbatore,Regular,2022-05-23
C00522,Ravi Pillai,Male,64,Chennai,Premium,2024-09-19
C00523,Sowmya Murthy,Female,41,Trichy,Regular,2023-10-27
C00524,Suresh Kumar,Female,44,Trichy,Regular,2022-05-25
C00525,Ganesh Raj,Male,57,Coimbatore,Regular,2024-10-03
C00526,Senthil Raj,Female,53,Erode,Regular,2023-05-18
C00527,Lakshmi Kumar,Male,51,Vellore,Regular,2024-03-31
C00528,Meena Krishnan,Female,46,Chennai,Occasional,2022-04-14
C00529,Ganesh Murthy,Male,41,Chennai,Occasional,2024-11-28
C00530,Lakshmi Pillai,Female,41,Madurai,Regular,2022-07-17
C00531,Kavya Nair,Male,59,Salem,Occasional,2023-08-02
C00532,Muthu Reddy,Male,21,Chennai,Regular,2023-01-26
C00533,Senthil Kumar,Male,20,Salem,Premium,2023-07-08
C00534,Senthil Raj,Male,51,Trichy,Occasional,2024-11-04
C00535,Senthil Raj,Female,66,Chennai,Occasional,2023-04-23
C00536,Muthu Nair,Female,40,Trichy,Occasional,2024-07-11
C00537,Vijay Prakash,Male,69,Erode,Regular,2023-02-24
C00538,Senthil Raj,Male,40,Chennai,Regular,2022-06-06
C00539,Suresh Pillai,Female,62,Coimbatore,Occasional,2023-07-04
C00540,Anitha Reddy,Female,22,Coimbatore,Regular,2024-10-17
C00541,Suresh Raj,Female,48,Erode,Regular,2024-09-23
C00542,Anitha Murthy,Male,58,Tirunelveli,Occasional,2024-08-08
C00543,Muthu Pillai,Male,23,Coimbatore,Occasional,2022-10-16
C00544,Suresh Murthy,Female,54,Salem,Occasional,2022-07-15
C00545,Karthik Reddy,Male,27,Madurai,Regular,2023-08-21
C00546,Kavya Kumar,Female,57,Madurai,Occasional,2023-06-01
C00547,Kavya Nair,Male,24,Chennai,Regular,2024-05-14
C00548,Lakshmi Iyer,Female,56,Chennai,Regular,2024-03-16
C00549,Senthil Krishnan,Male,55,Chennai,Premium,2024-03-25
C00550,Ravi Iyer,Female,38,Madurai,Regular,2022-08-16
C00551,Suresh Prakash,Male,37,Chennai,Regular,2022-08-04
C00552,Karthik Nair,Female,20,Erode,Occasional,2024-08-05
C00553,Divya Murthy,Male,68,Chennai,Regular,2022-01-15
C00554,Priya Pillai,Female,39,Chennai,Regular,2022-02-16
C00555,Suresh Reddy,Female,64,Madurai,Regular,2022-11-20
C00556,Suresh Prakash,Female,21,Salem,Premium,2024-04-23
C00557,Lakshmi Prakash,Female,45,Chennai,Premium,2022-05-10
C00558,Ganesh Kumar,Female,29,Coimbatore,Occasional,2022-04-05
C00559,Deepa Pillai,Female,55,Tirunelveli,Occasional,2023-09-19
C00560,Meena Krishnan,Male,68,Chennai,Premium,2024-01-25
C00561,Anitha Krishnan,Female,53,Coimbatore,Occasional,2024-03-04
C00562,Meena Murthy,Male,64,Vellore,Regular,2022-03-10
C00563,Meena Nair,Male,58,Chennai,Regular,2022-01-11
C00564,Sowmya Iyer,Male,22,Madurai,Occasional,2024-05-21
C00565,Kavya Krishnan,Male,30,Coimbatore,Regular,2023-07-04
C00566,Ganesh Nair,Female,40,Coimbatore,New,2023-12-13
C00567,Muthu Murthy,Female,67,Chennai,Premium,2022-01-23
C00568,Deepa Prakash,Female,47,Chennai,Occasional,2024-03-25
C00569,Ravi Prakash,Male,54,Coimbatore,Regular,2022-12-12
C00570,Vijay Kumar,Male,42,Chennai,Regular,2022-10-29
C00571,Sowmya Pillai,Male,65,Salem,Regular,2022-12-29
C00572,Divya Murthy,Male,44,Coimbatore,Occasional,2023-01-31
C00573,Divya Nair,Male,68,Coimbatore,Premium,2022-08-06
C00574,Karthik Prakash,Male,31,Erode,New,2022-05-21
C00575,Vijay Krishnan,Male,65,Trichy,Regular,2024-08-15
C00576,Suresh Reddy,Female,64,Chennai,Regular,2024-09-11
C00577,Karthik Iyer,Female,53,Erode,Regular,2024-09-19
C00578,Ganesh Pillai,Female,56,Chennai,Premium,2024-04-07
C00579,Arjun Reddy,Female,33,Chennai,Occasional,2023-11-14
C00580,Priya Reddy,Female,39,Salem,Regular,2024-09-30
C00581,Kavya Iyer,Male,38,Madurai,Occasional,2022-12-22
C00582,Muthu Raj,Female,38,Coimbatore,Regular,2024-10-04
C00583,Kavya Iyer,Female,25,Chennai,Premium,2024-06-06
C00584,Arjun Pillai,Male,66,Madurai,Occasional,2022-05-07
C00585,Divya Pillai,Male,33,Chennai,Regular,2024-10-05
C00586,Suresh Prakash,Female,48,Erode,Regular,2023-08-27
C00587,Priya Nair,Male,59,Chennai,New,2024-10-10
C00588,Sowmya Prakash,Female,27,Erode,Occasional,2022-02-20
C00589,Sowmya Krishnan,Female,49,Madurai,Premium,2024-11-18
C00590,Arjun Raj,Male,51,Vellore,Premium,2024-02-18
C00591,Arjun Nair,Male,26,Salem,Regular,2024-03-24
C00592,Ravi Prakash,Male,34,Salem,Premium,2023-02-24
C00593,Deepa Raj,Male,28,Coimbatore,Occasional,2024-09-09
C00594,Anitha Iyer,Male,49,Chennai,Occasional,2024-04-04
C00595,Anitha Raj,Female,27,Chennai,Regular,2024-10-21
C00596,Priya Iyer,Male,39,Vellore,Regular,2023-07-21
C00597,Deepa Krishnan,Male,34,Vellore,Regular,2023-01-06
C00598,Karthik Raj,Male,21,Coimbatore,Regular,2024-07-24
C00599,Sowmya Murthy,Female,65,Chennai,Regular,2023-10-23
C00600,Arjun Murthy,Male,69,Coimbatore,Regular,2024-08-26
C00601,Meena Prakash,Male,64,Trichy,Regular,2022-07-21
C00602,Anitha Reddy,Female,42,Madurai,Regular,2022-11-09
C00603,Arjun Pillai,Female,38,Salem,Premium,2022-04-27
C00604,Meena Reddy,Male,54,Tirunelveli,Regular,2024-07-25
C00605,Lakshmi Raj,Female,55,Chennai,Regular,2023-07-29
C00606,Kavya Raj,Male,66,Madurai,Regular,2022-09-01
C00607,Arjun Reddy,Male,18,Coimbatore,Regular,2023-06-21
C00608,Sowmya Kumar,Male,42,Coimbatore,Premium,2022-03-16
C00609,Muthu Pillai,Male,68,Chennai,Regular,2023-01-21
C00610,Vijay Kumar,Female,53,Chennai,Occasional,2023-04-20
C00611,Kavya Raj,Male,34,Erode,New,2023-02-22
C00612,Kavya Iyer,Male,58,Coimbatore,Occasional,2022-12-13
C00613,Divya Pillai,Female,41,Madurai,Premium,2023-10-02
C00614,Suresh Kumar,Female,19,Erode,Occasional,2024-07-27
C00615,Kavya Murthy,Male,57,Salem,Occasional,2024-08-12
C00616,Senthil Prakash,Female,32,Chennai,Regular,2024-05-25
C00617,Ganesh Krishnan,Male,49,Madurai,Regular,2024-02-02
C00618,Lakshmi Prakash,Female,56,Coimbatore,Occasional,2023-10-26
C00619,Karthik Krishnan,Female,23,Vellore,Regular,2022-01-25
C00620,Priya Nair,Female,18,Salem,Regular,2023-12-11
C00621,Ravi Kumar,Male,64,Salem,Occasional,2022-06-26
C00622,Ravi Kumar,Male,40,Coimbatore,Occasional,2022-10-12
C00623,Senthil Nair,Male,56,Vellore,Regular,2022-03-04
C00624,Muthu Murthy,Male,34,Chennai,Premium,2024-09-29
C00625,Sowmya Nair,Male,51,Chennai,Regular,2023-10-24
C00626,Priya Iyer,Female,58,Coimbatore,Occasional,2023-10-28
C00627,Anitha Pillai,Male,46,Chennai,Regular,2022-06-05
C00628,Priya Pillai,Male,26,Chennai,Regular,2024-12-08
C00629,Vijay Raj,Female,30,Vellore,Occasional,2024-08-24
C00630,Kavya Reddy,Male,23,Erode,Premium,2024-04-28
C00631,Muthu Krishnan,Female,23,Coimbatore,Occasional,2023-11-20
C00632,Muthu Pillai,Male,37,Chennai,Regular,2022-05-28
C00633,Lakshmi Krishnan,Male,69,Chennai,Regular,2022-12-08
C00634,Sowmya Pillai,Male,20,Chennai,Premium,2023-04-21
C00635,Vijay Raj,Male,34,Chennai,Regular,2024-12-22
C00636,Deepa Raj,Female,66,Erode,Regular,2023-07-15
C00637,Deepa Prakash,Male,29,Chennai,Regular,2022-11-23
C00638,Anitha Pillai,Female,65,Coimbatore,Occasional,2024-09-16
C00639,Divya Raj,Male,64,Chennai,New,2022-08-03
C00640,Senthil Nair,Male,62,Vellore,New,2023-03-11
C00641,Anitha Krishnan,Female,18,Salem,Premium,2024-08-09
C00642,Deepa Prakash,Male,34,Erode,Regular,2023-12-24
C00643,Ganesh Pillai,Female,20,Salem,Regular,2022-02-01
C00644,Ganesh Kumar,Female,43,Coimbatore,Occasional,2023-11-01
C00645,Kavya Reddy,Female,32,Chennai,Regular,2022-10-12
C00646,Vijay Kumar,Female,53,Salem,New,2023-03-05
C00647,Karthik Reddy,Male,49,Coimbatore,Regular,2022-10-13
C00648,Kavya Murthy,Male,49,Madurai,New,2024-11-08
C00649,Lakshmi Kumar,Male,21,Chennai,Occasional,2022-01-18
C00650,Suresh Krishnan,Female,35,Chennai,Occasional,2024-02-08
C00651,Priya Prakash,Female,66,Madurai,Regular,2023-08-13
C00652,Karthik Iyer,Male,36,Madurai,Regular,2024-10-06
C00653,Kavya Pillai,Female,60,Salem,Regular,2022-07-13
C00654,Muthu Kumar,Male,69,Chennai,Regular,2023-05-17
C00655,Suresh Krishnan,Female,52,Madurai,Regular,2024-09-14
C00656,Kavya Pillai,Male,57,Chennai,Premium,2022-04-24
C00657,Ganesh Raj,Female,31,Chennai,Regular,2024-08-04
C00658,Suresh Murthy,Female,50,Coimbatore,Premium,2024-04-10
C00659,Kavya Reddy,Male,31,Chennai,Premium,2024-07-13
C00660,Senthil Nair,Male,51,Chennai,Regular,2022-02-24
C00661,Meena Raj,Male,21,Coimbatore,New,2024-03-10
C00662,Arjun Prakash,Male,41,Chennai,Regular,2024-02-17
C00663,Sowmya Murthy,Male,46,Chennai,Regular,2022-06-11
C00664,Muthu Murthy,Female,36,Chennai,Premium,2022-03-28
C00665,Divya Nair,Female,23,Chennai,Occasional,2022-02-24
C00666,Vijay Krishnan,Female,50,Chennai,Regular,2024-10-28
C00667,Ravi Nair,Male,66,Trichy,Regular,2024-04-12
C00668,Sowmya Iyer,Female,57,Chennai,Premium,2022-11-09
C00669,Divya Prakash,Female,36,Chennai,Regular,2024-01-29
C00670,Karthik Krishnan,Male,18,Coimbatore,Premium,2023-03-19
C00671,Lakshmi Krishnan,Female,22,Trichy,New,2022-11-24
C00672,Karthik Pillai,Female,44,Erode,New,2024-12-13
C00673,Kavya Raj,Male,33,Salem,Regular,2024-01-31
C00674,Anitha Nair,Male,23,Salem,Regular,2023-08-02
C00675,Lakshmi Prakash,Male,57,Madurai,Regular,2024-12-10
C00676,Kavya Murthy,Male,30,Salem,Regular,2024-10-03
C00677,Meena Raj,Female,65,Madurai,Regular,2022-04-06
C00678,Ravi Prakash,Female,52,Chennai,Regular,2024-03-24
C00679,Meena Krishnan,Female,36,Chennai,New,2023-05-06
C00680,Arjun Pillai,Male,29,Chennai,New,2023-03-28
C00681,Kavya Krishnan,Male,33,Erode,Regular,2022-06-14
C00682,Suresh Raj,Female,60,Madurai,Regular,2022-07-01
C00683,Karthik Nair,Female,27,Salem,Regular,2023-04-14
C00684,Muthu Krishnan,Male,42,Coimbatore,Regular,2024-06-28
C00685,Deepa Reddy,Male,37,Coimbatore,Premium,2024-01-05
C00686,Karthik Prakash,Female,48,Chennai,Premium,2024-04-02
C00687,Senthil Raj,Male,21,Chennai,Occasional,2024-08-01
C00688,Ganesh Krishnan,Male,61,Vellore,Occasional,2022-01-07
C00689,Kavya Prakash,Female,40,Trichy,Premium,2022-11-26
C00690,Lakshmi Prakash,Male,19,Coimbatore,Occasional,2024-02-14
C00691,Deepa Murthy,Male,39,Vellore,Regular,2022-05-31
C00692,Priya Raj,Male,68,Chennai,Premium,2022-05-27
C00693,Suresh Nair,Male,54,Tirunelveli,Premium,2024-07-03
C00694,Lakshmi Prakash,Female,25,Coimbatore,Regular,2023-12-01
C00695,Senthil Iyer,Male,24,Coimbatore,Regular,2022-03-23
C00696,Kavya Murthy,Male,31,Coimbatore,Regular,2023-05-29
C00697,Anitha Raj,Female,20,Chennai,New,2024-03-25
C00698,Vijay Iyer,Female,67,Chennai,Regular,2023-12-10
C00699,Vijay Prakash,Female,33,Trichy,Regular,2024-01-16
C00700,Anitha Murthy,Male,36,Erode,Regular,2024-10-19
C00701,Karthik Murthy,Male,68,Vellore,Occasional,2023-12-08
C00702,Lakshmi Prakash,Female,35,Chennai,Regular,2023-04-16
C00703,Lakshmi Pillai,Female,69,Madurai,New,2023-01-31
C00704,Priya Kumar,Male,33,Chennai,Occasional,2022-09-18
C00705,Karthik Kumar,Male,25,Chennai,Premium,2024-03-15
C00706,Vijay Iyer,Male,50,Trichy,Occasional,2024-07-22
C00707,Deepa Kumar,Female,66,Madurai,Regular,2024-06-23
C00708,Sowmya Murthy,Female,29,Chennai,Regular,2024-12-12
C00709,Anitha Nair,Male,28,Chennai,Occasional,2024-07-28
C00710,Sowmya Iyer,Male,22,Tirunelveli,Regular,2024-05-03
C00711,Muthu Nair,Female,44,Chennai,Regular,2023-08-16
C00712,Ganesh Raj,Female,29,Coimbatore,Premium,2023-12-15
C00713,Priya Prakash,Male,34,Madurai,Regular,2023-09-24
C00714,Ganesh Reddy,Female,23,Chennai,New,2022-02-28
C00715,Sowmya Krishnan,Female,50,Chennai,Regular,2022-05-08
C00716,Ravi Pillai,Male,22,Coimbatore,Occasional,2024-01-06
C00717,Suresh Pillai,Female,45,Salem,Premium,2023-12-22
C00718,Senthil Pillai,Male,31,Madurai,Occasional,2023-06-10
C00719,Muthu Prakash,Female,22,Trichy,Regular,2023-06-05
C00720,Kavya Murthy,Female,50,Tirunelveli,Premium,2023-07-06
C00721,Divya Pillai,Female,67,Salem,Occasional,2022-08-25
C00722,Meena Krishnan,Female,65,Coimbatore,Premium,2023-05-09
C00723,Divya Nair,Male,58,Coimbatore,Regular,2022-01-04
C00724,Ganesh Iyer,Female,36,Trichy,Premium,2023-10-28
C00725,Suresh Raj,Female,39,Trichy,Occasional,2023-03-18
C00726,Priya Nair,Male,22,Madurai,Regular,2022-01-29
C00727,Muthu Reddy,Female,19,Trichy,New,2023-09-02
C00728,Meena Prakash,Female,47,Chennai,Regular,2024-03-15
C00729,Senthil Pillai,Male,64,Coimbatore,Premium,2022-03-16
C00730,Ravi Prakash,Female,56,Chennai,Occasional,2024-04-17
C00731,Sowmya Murthy,Female,21,Chennai,Occasional,2022-05-08
C00732,Ganesh Krishnan,Male,50,Chennai,Occasional,2022-02-11
C00733,Anitha Krishnan,Female,30,Trichy,New,2022-02-10
C00734,Arjun Raj,Male,37,Madurai,Regular,2024-07-22
C00735,Muthu Murthy,Male,24,Chennai,Regular,2022-02-03
C00736,Ganesh Iyer,Male,32,Madurai,Regular,2024-11-06
C00737,Ravi Pillai,Female,40,Madurai,Occasional,2024-09-24
C00738,Priya Kumar,Female,31,Chennai,Occasional,2023-08-11
C00739,Anitha Krishnan,Male,40,Trichy,Regular,2022-12-08
C00740,Sowmya Nair,Male,36,Salem,Regular,2022-01-27
C00741,Arjun Raj,Female,46,Vellore,Regular,2023-10-08
C00742,Deepa Prakash,Male,37,Trichy,Occasional,2024-01-01
C00743,Vijay Pillai,Female,46,Madurai,Regular,2022-06-17
C00744,Muthu Pillai,Female,41,Chennai,Regular,2023-09-02
C00745,Priya Reddy,Male,35,Chennai,Premium,2022-09-25
C00746,Priya Murthy,Female,27,Chennai,Occasional,2024-03-31
C00747,Ravi Pillai,Male,58,Tirunelveli,Occasional,2023-03-31
C00748,Anitha Raj,Female,25,Chennai,Premium,2024-06-24
C00749,Muthu Murthy,Female,43,Chennai,Regular,2024-07-10
C00750,Ganesh Murthy,Female,46,Erode,Premium,2024-09-07
C00751,Vijay Raj,Male,27,Erode,Occasional,2023-12-03
C00752,Suresh Raj,Female,34,Salem,New,2023-09-26
C00753,Muthu Pillai,Male,19,Chennai,Regular,2022-05-10
C00754,Senthil Murthy,Male,23,Chennai,Regular,2024-10-16
C00755,Kavya Prakash,Male,22,Coimbatore,Regular,2024-03-29
C00756,Ravi Murthy,Female,45,Chennai,Regular,2023-11-24
C00757,Muthu Murthy,Female,58,Chennai,Occasional,2024-03-04
C00758,Priya Kumar,Female,22,Madurai,Regular,2022-01-29
C00759,Priya Prakash,Female,35,Erode,Premium,2022-05-29
C00760,Senthil Krishnan,Male,43,Coimbatore,Regular,2022-01-11
C00761,Ganesh Prakash,Female,37,Trichy,Regular,2023-11-07
C00762,Suresh Pillai,Male,58,Trichy,Premium,2022-07-06
C00763,Senthil Prakash,Female,66,Chennai,Regular,2024-03-17
C00764,Muthu Nair,Female,44,Trichy,Regular,2024-01-14
C00765,Senthil Murthy,Female,66,Chennai,Occasional,2022-04-08
C00766,Sowmya Nair,Female,29,Chennai,Premium,2022-02-24
C00767,Sowmya Kumar,Male,24,Salem,Regular,2023-09-15
C00768,Kavya Pillai,Male,20,Chennai,New,2023-10-26
C00769,Divya Reddy,Female,27,Tirunelveli,Premium,2024-01-28
C00770,Anitha Kumar,Male,51,Chennai,Occasional,2023-02-10
C00771,Sowmya Nair,Male,42,Trichy,Regular,2022-03-10
C00772,Meena Kumar,Male,52,Coimbatore,Regular,2024-01-21
C00773,Sowmya Prakash,Female,33,Chennai,Regular,2024-08-15
C00774,Muthu Prakash,Male,19,Chennai,Regular,2022-12-31
C00775,Meena Kumar,Male,41,Trichy,Regular,2023-04-27
C00776,Divya Iyer,Female,27,Vellore,New,2022-07-20
C00777,Arjun Krishnan,Female,55,Vellore,Premium,2022-06-03
C00778,Senthil Reddy,Male,39,Madurai,Regular,2022-03-14
C00779,Suresh Reddy,Male,43,Salem,Premium,2023-12-14
C00780,Ravi Reddy,Male,60,Trichy,Regular,2022-10-23
C00781,Sowmya Kumar,Male,56,Salem,Premium,2024-11-06
C00782,Suresh Murthy,Male,44,Madurai,Premium,2022-03-02
C00783,Ravi Murthy,Female,46,Trichy,Occasional,2024-07-27
C00784,Senthil Krishnan,Female,64,Vellore,New,2022-02-11
C00785,Muthu Pillai,Female,55,Coimbatore,Regular,2022-01-25
C00786,Lakshmi Krishnan,Male,37,Vellore,Premium,2024-11-28
C00787,Senthil Murthy,Female,44,Trichy,New,2022-05-11
C00788,Kavya Nair,Male,58,Chennai,Occasional,2022-04-18
C00789,Sowmya Iyer,Female,37,Chennai,Premium,2022-06-21
C00790,Meena Nair,Female,61,Coimbatore,New,2022-04-12
C00791,Anitha Iyer,Male,36,Madurai,Regular,2024-05-15
C00792,Anitha Nair,Female,37,Vellore,New,2023-06-08
C00793,Ravi Krishnan,Male,52,Chennai,Regular,2022-10-02
C00794,Senthil Krishnan,Female,64,Vellore,Premium,2024-12-03
C00795,Kavya Murthy,Male,19,Vellore,Occasional,2024-03-27
C00796,Vijay Nair,Male,47,Chennai,Regular,2024-08-14
C00797,Divya Murthy,Female,51,Vellore,Premium,2024-11-06
C00798,Muthu Reddy,Male,39,Tirunelveli,Regular,2022-11-26
C00799,Kavya Prakash,Female,20,Salem,New,2022-01-12
C00800,Anitha Kumar,Male,23,Salem,Occasional,2022-08-04
C00801,Anitha Raj,Female,32,Tirunelveli,Occasional,2022-12-05
C00802,Kavya Krishnan,Female,44,Trichy,Premium,2023-10-23
C00803,Vijay Krishnan,Male,27,Coimbatore,Occasional,2023-01-09
C00804,Ravi Iyer,Male,26,Vellore,Regular,2024-09-02
C00805,Vijay Murthy,Male,50,Trichy,Regular,2023-12-11
C00806,Vijay Prakash,Male,49,Trichy,Occasional,2023-04-11
C00807,Divya Iyer,Male,65,Chennai,Regular,2023-05-04
C00808,Meena Kumar,Female,23,Salem,Regular,2022-02-16
C00809,Meena Iyer,Female,58,Chennai,Regular,2024-02-17
C00810,Priya Raj,Female,53,Erode,Regular,2024-11-05
C00811,Deepa Pillai,Female,19,Coimbatore,Occasional,2023-12-12
C00812,Sowmya Raj,Female,46,Chennai,Premium,2023-02-05
C00813,Suresh Kumar,Female,21,Coimbatore,Occasional,2024-09-07
C00814,Lakshmi Reddy,Male,18,Chennai,Regular,2022-09-07
C00815,Sowmya Krishnan,Female,36,Trichy,Regular,2023-01-26
C00816,Ravi Nair,Female,43,Erode,Regular,2022-12-01
C00817,Senthil Nair,Female,42,Vellore,Occasional,2023-09-21
C00818,Priya Raj,Male,27,Chennai,Premium,2022-05-17
C00819,Meena Murthy,Male,32,Chennai,New,2024-06-01
C00820,Priya Prakash,Male,39,Vellore,Occasional,2023-11-19
C00821,Deepa Prakash,Female,68,Erode,Premium,2024-04-06
C00822,Priya Reddy,Female,65,Madurai,Premium,2023-12-28
C00823,Sowmya Prakash,Male,38,Madurai,New,2023-08-17
C00824,Anitha Kumar,Female,39,Coimbatore,Occasional,2024-09-16
C00825,Arjun Nair,Male,53,Erode,Regular,2023-01-07
C00826,Divya Pillai,Male,51,Trichy,Premium,2024-07-23
C00827,Anitha Krishnan,Male,47,Chennai,Occasional,2024-09-21
C00828,Sowmya Prakash,Female,42,Chennai,Occasional,2023-02-06
C00829,Ganesh Nair,Female,62,Erode,Regular,2023-09-07
C00830,Ravi Raj,Male,45,Chennai,Occasional,2024-09-21
C00831,Senthil Prakash,Female,18,Coimbatore,New,2023-09-12
C00832,Ganesh Nair,Male,66,Madurai,Regular,2022-07-07
C00833,Lakshmi Kumar,Female,62,Chennai,Occasional,2022-05-11
C00834,Senthil Nair,Female,21,Chennai,Regular,2024-03-15
C00835,Ravi Prakash,Female,24,Vellore,Regular,2024-07-24
C00836,Muthu Reddy,Male,66,Erode,Regular,2024-09-12
C00837,Senthil Raj,Female,26,Vellore,Regular,2022-07-02
C00838,Muthu Raj,Female,53,Erode,Occasional,2024-09-09
C00839,Lakshmi Prakash,Male,36,Madurai,Regular,2022-12-30
C00840,Sowmya Pillai,Female,18,Vellore,Regular,2022-02-08
C00841,Meena Kumar,Male,27,Coimbatore,Regular,2023-05-12
C00842,Vijay Reddy,Female,53,Trichy,Regular,2024-09-08
C00843,Meena Krishnan,Male,26,Tirunelveli,Regular,2024-07-09
C00844,Vijay Pillai,Female,62,Chennai,Occasional,2023-12-23
C00845,Anitha Kumar,Female,63,Coimbatore,Regular,2022-01-16
C00846,Vijay Pillai,Male,59,Madurai,Occasional,2023-05-08
C00847,Meena Kumar,Male,49,Chennai,Occasional,2024-06-12
C00848,Divya Krishnan,Male,49,Chennai,Regular,2022-11-07
C00849,Anitha Prakash,Male,23,Vellore,Occasional,2024-01-09
C00850,Muthu Murthy,Male,65,Tirunelveli,Regular,2023-06-30
C00851,Anitha Raj,Female,55,Coimbatore,Regular,2023-02-18
C00852,Anitha Pillai,Male,34,Chennai,Regular,2022-09-08
C00853,Meena Iyer,Male,27,Chennai,Regular,2024-01-29
C00854,Suresh Krishnan,Female,67,Erode,Premium,2024-11-28
C00855,Suresh Krishnan,Male,44,Madurai,Occasional,2024-03-24
C00856,Kavya Reddy,Female,67,Coimbatore,Regular,2022-01-29
C00857,Sowmya Murthy,Female,52,Madurai,Occasional,2024-08-15
C00858,Ravi Iyer,Female,69,Coimbatore,Regular,2023-04-22
C00859,Karthik Murthy,Female,38,Madurai,Occasional,2022-11-14
C00860,Ganesh Murthy,Female,42,Vellore,Regular,2022-09-02
C00861,Kavya Raj,Male,45,Trichy,Regular,2024-01-18
C00862,Divya Kumar,Male,64,Salem,Regular,2023-11-28
C00863,Ravi Murthy,Male,32,Coimbatore,Regular,2022-09-29
C00864,Suresh Prakash,Female,21,Salem,Premium,2023-01-12
C00865,Senthil Murthy,Male,46,Trichy,Occasional,2022-09-23
C00866,Ganesh Raj,Female,26,Chennai,Regular,2024-07-14
C00867,Ravi Krishnan,Female,44,Trichy,Occasional,2024-07-09
C00868,Karthik Murthy,Female,43,Chennai,Occasional,2022-12-06
C00869,Ganesh Kumar,Female,36,Vellore,Occasional,2023-01-24
C00870,Ganesh Prakash,Male,45,Coimbatore,Regular,2023-07-31
C00871,Deepa Krishnan,Female,34,Tirunelveli,Premium,2022-01-03
C00872,Priya Murthy,Female,60,Chennai,New,2023-01-11
C00873,Ganesh Nair,Male,58,Salem,Occasional,2022-11-20
C00874,Arjun Reddy,Male,59,Trichy,Regular,2022-05-26
C00875,Vijay Kumar,Female,67,Salem,Regular,2022-10-20
C00876,Ravi Raj,Female,37,Coimbatore,Regular,2023-03-08
C00877,Priya Reddy,Female,62,Madurai,Premium,2023-12-06
C00878,Kavya Raj,Female,57,Vellore,Occasional,2024-08-06
C00879,Priya Raj,Female,56,Chennai,Regular,2023-08-08
C00880,Sowmya Kumar,Male,66,Chennai,Premium,2023-02-03
C00881,Anitha Reddy,Male,40,Madurai,Premium,2024-03-27
C00882,Lakshmi Prakash,Male,64,Madurai,Premium,2024-08-21
C00883,Deepa Pillai,Male,49,Chennai,Occasional,2022-07-06
C00884,Muthu Krishnan,Female,69,Chennai,Occasional,2022-03-02
C00885,Muthu Reddy,Female,64,Chennai,Regular,2024-07-27
C00886,Karthik Murthy,Female,50,Salem,Occasional,2023-12-11
C00887,Suresh Pillai,Male,63,Trichy,Regular,2024-03-17
C00888,Divya Prakash,Female,22,Vellore,Regular,2022-01-11
C00889,Muthu Murthy,Female,60,Tirunelveli,Regular,2024-12-21
C00890,Suresh Iyer,Female,65,Madurai,Regular,2022-08-14
C00891,Arjun Kumar,Female,51,Chennai,Regular,2023-07-18
C00892,Anitha Krishnan,Male,57,Chennai,Regular,2024-02-11
C00893,Deepa Murthy,Male,28,Chennai,Occasional,2024-06-03
C00894,Muthu Iyer,Male,67,Erode,Regular,2022-08-14
C00895,Meena Krishnan,Male,20,Madurai,Occasional,2024-04-04
C00896,Kavya Prakash,Male,50,Chennai,Regular,2022-08-06
C00897,Vijay Iyer,Female,28,Coimbatore,New,2024-07-25
C00898,Divya Kumar,Female,33,Trichy,Occasional,2024-01-23
C00899,Deepa Kumar,Female,35,Trichy,Regular,2023-05-21
C00900,Meena Iyer,Female,47,Chennai,Occasional,2022-09-16
C00901,Karthik Raj,Male,65,Tirunelveli,Premium,2022-02-23
C00902,Priya Krishnan,Female,27,Madurai,Occasional,2024-12-06
C00903,Priya Iyer,Male,35,Chennai,Premium,2023-12-28
C00904,Priya Reddy,Male,55,Erode,Premium,2023-11-20
C00905,Ganesh Iyer,Male,36,Chennai,Occasional,2024-11-09
C00906,Ravi Kumar,Male,53,Erode,Regular,2023-02-23
C00907,Suresh Murthy,Male,30,Tirunelveli,Regular,2023-11-21
C00908,Anitha Iyer,Male,63,Salem,Occasional,2024-04-29
C00909,Senthil Pillai,Male,20,Salem,Regular,2022-03-03
C00910,Meena Nair,Female,27,Coimbatore,Premium,2022-08-04
C00911,Suresh Murthy,Male,55,Erode,Regular,2022-01-03
C00912,Meena Reddy,Male,18,Madurai,Premium,2022-06-09
C00913,Anitha Nair,Male,44,Salem,New,2024-02-20
C00914,Priya Murthy,Female,63,Erode,Regular,2024-06-11
C00915,Lakshmi Reddy,Male,25,Tirunelveli,Regular,2022-11-25
C00916,Sowmya Kumar,Male,68,Vellore,Occasional,2023-08-03
C00917,Kavya Reddy,Male,63,Coimbatore,Occasional,2024-08-09
C00918,Senthil Reddy,Male,59,Tirunelveli,Regular,2023-09-27
C00919,Deepa Prakash,Male,34,Trichy,Regular,2024-09-14
C00920,Anitha Reddy,Male,26,Erode,New,2024-07-09
C00921,Lakshmi Murthy,Male,23,Trichy,Occasional,2024-01-08
C00922,Sowmya Iyer,Male,60,Coimbatore,Regular,2022-06-19
C00923,Meena Nair,Male,42,Coimbatore,Regular,2023-06-05
C00924,Suresh Krishnan,Female,56,Madurai,Premium,2022-02-09
C00925,Priya Murthy,Female,66,Vellore,Regular,2024-08-12
C00926,Deepa Reddy,Male,45,Coimbatore,Regular,2024-09-10
C00927,Suresh Reddy,Male,50,Trichy,Occasional,2024-09-01
C00928,Meena Nair,Female,54,Coimbatore,Regular,2022-02-07
C00929,Ravi Pillai,Male,26,Vellore,Occasional,2022-11-24
C00930,Karthik Krishnan,Male,35,Madurai,Regular,2024-07-02
C00931,Kavya Raj,Female,38,Chennai,Occasional,2023-03-30
C00932,Ravi Kumar,Male,19,Chennai,Occasional,2022-02-06
C00933,Vijay Reddy,Male,60,Chennai,Regular,2024-08-30
C00934,Priya Raj,Male,55,Madurai,Premium,2024-03-06
C00935,Ravi Murthy,Female,57,Chennai,Regular,2024-08-30
C00936,Ravi Krishnan,Male,53,Chennai,Occasional,2023-08-16
C00937,Ravi Pillai,Female,67,Erode,Occasional,2024-11-29
C00938,Anitha Kumar,Female,60,Erode,Regular,2022-08-12
C00939,Ravi Iyer,Male,54,Madurai,Regular,2022-11-14
C00940,Divya Krishnan,Male,32,Tirunelveli,Regular,2022-12-15
C00941,Meena Iyer,Male,45,Chennai,Occasional,2022-04-25
C00942,Muthu Iyer,Male,35,Trichy,Regular,2023-11-29
C00943,Senthil Nair,Male,51,Trichy,Regular,2024-11-29
C00944,Muthu Krishnan,Female,39,Madurai,Regular,2022-02-09
C00945,Kavya Nair,Female,28,Coimbatore,Regular,2022-08-04
C00946,Vijay Pillai,Female,30,Madurai,Occasional,2022-12-02
C00947,Sowmya Krishnan,Male,21,Coimbatore,Regular,2022-04-02
C00948,Divya Krishnan,Female,39,Salem,Premium,2022-12-19
C00949,Senthil Iyer,Female,24,Chennai,Regular,2023-07-25
C00950,Kavya Pillai,Female,60,Chennai,Regular,2024-03-26
C00951,Deepa Kumar,Male,41,Chennai,Premium,2024-02-20
C00952,Meena Prakash,Female,21,Chennai,New,2022-12-29
C00953,Arjun Nair,Male,45,Madurai,Occasional,2023-07-11
C00954,Deepa Nair,Male,32,Chennai,Regular,2022-12-22
C00955,Suresh Iyer,Male,18,Vellore,Regular,2022-07-10
C00956,Senthil Iyer,Female,20,Chennai,Occasional,2023-02-26
C00957,Muthu Iyer,Female,31,Chennai,Regular,2023-12-01
C00958,Sowmya Murthy,Male,55,Trichy,Regular,2022-01-07
C00959,Senthil Nair,Male,67,Chennai,Occasional,2022-05-13
C00960,Sowmya Krishnan,Male,18,Trichy,Occasional,2023-07-11
C00961,Ganesh Prakash,Male,55,Salem,New,2024-04-05
C00962,Kavya Prakash,Male,55,Chennai,New,2024-01-31
C00963,Suresh Murthy,Male,38,Chennai,Occasional,2024-11-20
C00964,Sowmya Prakash,Female,65,Coimbatore,Regular,2023-06-19
C00965,Priya Murthy,Male,46,Chennai,Regular,2023-03-02
C00966,Priya Raj,Male,22,Chennai,Premium,2023-11-03
C00967,Priya Kumar,Male,66,Chennai,Premium,2022-12-29
C00968,Deepa Prakash,Female,27,Chennai,Premium,2022-03-23
C00969,Meena Raj,Female,45,Madurai,Regular,2022-12-22
C00970,Suresh Kumar,Female,38,Trichy,Regular,2023-08-12
C00971,Ravi Murthy,Male,67,Trichy,Premium,2022-10-22
C00972,Ganesh Pillai,Female,24,Chennai,Regular,2024-12-05
C00973,Priya Krishnan,Male,20,Chennai,Regular,2022-01-17
C00974,Sowmya Kumar,Female,62,Erode,Premium,2022-12-26
C00975,Arjun Murthy,Female,64,Madurai,Occasional,2024-05-15
C00976,Deepa Kumar,Female,37,Vellore,Regular,2023-12-01
C00977,Arjun Murthy,Female,36,Coimbatore,Premium,2023-03-24
C00978,Vijay Murthy,Female,52,Trichy,Occasional,2024-05-05
C00979,Anitha Kumar,Male,21,Madurai,Regular,2022-12-31
C00980,Deepa Prakash,Female,22,Coimbatore,Regular,2023-11-06
C00981,Divya Raj,Male,18,Madurai,Regular,2024-10-04
C00982,Suresh Iyer,Female,21,Madurai,Regular,2023-04-12
C00983,Ravi Murthy,Male,29,Chennai,New,2023-02-18
C00984,Vijay Pillai,Male,44,Coimbatore,Regular,2023-08-09
C00985,Vijay Reddy,Male,59,Vellore,Occasional,2024-09-20
C00986,Karthik Pillai,Male,40,Erode,Regular,2023-07-26
C00987,Muthu Krishnan,Male,42,Coimbatore,Regular,2022-12-01
C00988,Meena Iyer,Female,38,Coimbatore,Premium,2022-02-06
C00989,Anitha Raj,Male,69,Chennai,Regular,2024-09-15
C00990,Priya Raj,Male,41,Trichy,Premium,2022-10-05
C00991,Muthu Reddy,Female,42,Coimbatore,Regular,2024-07-04
C00992,Muthu Murthy,Male,62,Tirunelveli,Regular,2023-04-29
C00993,Sowmya Kumar,Female,63,Coimbatore,Premium,2024-01-01
C00994,Arjun Prakash,Female,49,Coimbatore,Regular,2022-07-11
C00995,Karthik Krishnan,Female,49,Trichy,Occasional,2024-11-06
C00996,Deepa Pillai,Female,22,Vellore,Premium,2023-06-08
C00997,Divya Murthy,Male,53,Madurai,Regular,2024-07-06
C00998,Priya Iyer,Female,63,Coimbatore,Regular,2023-02-05
C00999,Ravi Krishnan,Male,59,Tirunelveli,Premium,2024-06-04
C01000,Vijay Kumar,Male,66,Chennai,Occasional,2023-12-06
C01001,Karthik Nair,Female,59,Erode,Regular,2022-01-22
C01002,Priya Prakash,Male,56,Chennai,Occasional,2023-04-19
C01003,Senthil Kumar,Female,33,Salem,Regular,2022-07-29
C01004,Ravi Prakash,Female,50,Trichy,Occasional,2022-11-02
C01005,Muthu Raj,Female,66,Coimbatore,Regular,2023-12-05
C01006,Anitha Prakash,Female,38,Erode,Occasional,2023-11-18
C01007,Meena Reddy,Male,26,Chennai,Premium,2022-10-12
C01008,Senthil Reddy,Male,23,Chennai,Regular,2023-12-17
C01009,Suresh Raj,Female,68,Madurai,Regular,2024-02-02
C01010,Kavya Kumar,Male,62,Coimbatore,Regular,2024-08-05
C01011,Divya Reddy,Female,52,Trichy,New,2023-01-16
C01012,Meena Raj,Female,56,Chennai,Regular,2023-04-05
C01013,Senthil Reddy,Female,39,Chennai,Regular,2024-10-27
C01014,Senthil Kumar,Male,58,Chennai,Premium,2022-01-29
C01015,Vijay Krishnan,Male,22,Chennai,Premium,2024-06-25
C01016,Sowmya Iyer,Male,59,Madurai,Premium,2024-11-22
C01017,Kavya Murthy,Male,40,Salem,Occasional,2024-05-28
C01018,Muthu Reddy,Female,34,Erode,Regular,2022-03-20
C01019,Lakshmi Reddy,Male,29,Vellore,New,2024-08-04
C01020,Karthik Nair,Male,40,Chennai,Regular,2023-04-04
C01021,Meena Raj,Male,33,Coimbatore,Regular,2023-07-24
C01022,Karthik Nair,Female,20,Chennai,Occasional,2024-01-08
C01023,Suresh Reddy,Female,47,Chennai,Premium,2023-05-31
C01024,Suresh Reddy,Male,39,Madurai,Regular,2023-02-01
C01025,Senthil Pillai,Male,26,Chennai,Premium,2022-02-08
C01026,Divya Raj,Male,46,Chennai,Regular,2024-06-05
C01027,Arjun Nair,Male,64,Erode,Regular,2024-03-07
C01028,Ganesh Pillai,Female,54,Madurai,Occasional,2022-06-06
C01029,Vijay Raj,Female,40,Coimbatore,Regular,2024-06-02
C01030,Suresh Raj,Male,30,Chennai,Regular,2024-08-31
C01031,Lakshmi Reddy,Male,49,Chennai,Occasional,2024-11-11
C01032,Ganesh Murthy,Female,63,Vellore,New,2024-04-28
C01033,Deepa Raj,Male,69,Chennai,Premium,2024-01-18
C01034,Arjun Raj,Female,64,Coimbatore,Premium,2024-09-15
C01035,Kavya Murthy,Male,65,Chennai,Premium,2022-01-21
C01036,Karthik Pillai,Male,40,Madurai,New,2022-10-30
C01037,Muthu Kumar,Male,62,Chennai,Occasional,2024-05-18
C01038,Anitha Reddy,Male,34,Vellore,Regular,2022-03-25
C01039,Muthu Raj,Female,57,Vellore,Regular,2023-07-24
C01040,Meena Murthy,Male,38,Salem,Premium,2024-07-22
C01041,Lakshmi Reddy,Male,19,Chennai,Occasional,2024-10-05
C01042,Lakshmi Prakash,Male,54,Vellore,Premium,2024-03-03
C01043,Vijay Nair,Male,23,Madurai,Occasional,2024-03-02
C01044,Vijay Krishnan,Male,61,Coimbatore,New,2023-05-07
C01045,Suresh Raj,Male,35,Trichy,Regular,2022-07-27
C01046,Lakshmi Reddy,Female,47,Chennai,Regular,2024-12-19
C01047,Vijay Reddy,Male,39,Chennai,Regular,2023-03-06
C01048,Anitha Krishnan,Male,50,Salem,Regular,2024-09-11
C01049,Karthik Pillai,Female,47,Chennai,Regular,2023-06-04
C01050,Vijay Iyer,Male,34,Trichy,Regular,2023-08-14
C01051,Sowmya Iyer,Female,60,Coimbatore,Occasional,2024-11-16
C01052,Ganesh Raj,Male,49,Vellore,Occasional,2022-07-18
C01053,Suresh Nair,Female,59,Tirunelveli,Premium,2023-01-22
C01054,Arjun Reddy,Female,68,Erode,Premium,2022-12-15
C01055,Senthil Reddy,Female,31,Chennai,Regular,2024-08-17
C01056,Senthil Krishnan,Female,27,Chennai,Occasional,2023-11-24
C01057,Senthil Reddy,Male,64,Madurai,Occasional,2023-01-13
C01058,Suresh Nair,Female,68,Chennai,Premium,2024-06-17
C01059,Senthil Iyer,Male,53,Chennai,Regular,2024-07-04
C01060,Sowmya Pillai,Male,51,Madurai,Regular,2023-06-11
C01061,Lakshmi Reddy,Male,26,Madurai,Regular,2024-01-04
C01062,Senthil Nair,Female,59,Tirunelveli,Premium,2022-07-25
C01063,Sowmya Iyer,Male,45,Chennai,Occasional,2023-03-31
C01064,Senthil Reddy,Female,28,Chennai,Occasional,2023-06-05
C01065,Vijay Reddy,Female,31,Chennai,Premium,2024-10-13
C01066,Kavya Raj,Female,56,Erode,Occasional,2024-08-13
C01067,Ravi Murthy,Female,64,Salem,New,2023-12-27
C01068,Lakshmi Murthy,Male,36,Vellore,Regular,2024-10-10
C01069,Arjun Krishnan,Male,32,Erode,Regular,2023-05-16
C01070,Ravi Krishnan,Male,45,Madurai,New,2022-04-27
C01071,Anitha Raj,Male,41,Madurai,Regular,2023-01-21
C01072,Deepa Krishnan,Male,25,Coimbatore,New,2023-08-07
C01073,Suresh Nair,Male,60,Trichy,New,2023-01-30
C01074,Meena Nair,Male,26,Madurai,Occasional,2024-12-23
C01075,Suresh Reddy,Female,64,Madurai,Occasional,2023-12-22
C01076,Muthu Raj,Female,50,Erode,Occasional,2022-03-13
C01077,Ganesh Krishnan,Male,50,Tirunelveli,Occasional,2022-10-01
C01078,Muthu Murthy,Female,36,Vellore,Regular,2022-12-04
C01079,Deepa Murthy,Male,20,Salem,Regular,2023-08-30
C01080,Priya Pillai,Male,27,Trichy,Regular,2022-06-15
C01081,Karthik Raj,Female,57,Chennai,Occasional,2022-01-11
C01082,Meena Pillai,Male,64,Chennai,Regular,2023-12-30
C01083,Lakshmi Kumar,Male,59,Salem,Regular,2024-03-11
C01084,Muthu Pillai,Female,18,Salem,Regular,2022-04-12
C01085,Deepa Raj,Female,46,Chennai,Occasional,2024-02-18
C01086,Arjun Raj,Female,67,Erode,New,2022-08-02
C01087,Vijay Iyer,Female,51,Chennai,New,2023-02-05
C01088,Meena Krishnan,Female,68,Chennai,Premium,2023-08-11
C01089,Kavya Reddy,Male,30,Trichy,Occasional,2024-06-07
C01090,Ganesh Murthy,Male,18,Chennai,Occasional,2024-12-05
C01091,Suresh Pillai,Male,51,Chennai,Premium,2023-08-15
C01092,Arjun Krishnan,Male,46,Coimbatore,Premium,2022-04-02
C01093,Divya Nair,Female,65,Salem,Regular,2023-11-04
C01094,Deepa Raj,Male,64,Coimbatore,New,2023-12-15
C01095,Divya Prakash,Female,30,Trichy,Regular,2024-07-24
C01096,Kavya Nair,Female,65,Trichy,Regular,2022-08-30
C01097,Senthil Krishnan,Female,66,Chennai,Occasional,2022-01-02
C01098,Ravi Murthy,Female,46,Tirunelveli,Regular,2022-08-13
C01099,Sowmya Pillai,Female,56,Chennai,Regular,2024-03-11
C01100,Sowmya Raj,Male,41,Tirunelveli,Premium,2023-08-12
C01101,Ganesh Krishnan,Female,43,Madurai,Regular,2022-04-26
C01102,Senthil Raj,Male,34,Tirunelveli,Occasional,2024-07-06
C01103,Anitha Kumar,Female,24,Chennai,Premium,2022-07-13
C01104,Divya Kumar,Male,30,Madurai,Premium,2024-05-20
C01105,Senthil Raj,Female,22,Chennai,Premium,2022-03-31
C01106,Lakshmi Iyer,Female,43,Chennai,Premium,2022-05-02
C01107,Lakshmi Murthy,Male,66,Trichy,Premium,2022-05-23
C01108,Lakshmi Pillai,Male,20,Chennai,Occasional,2024-09-20
C01109,Deepa Krishnan,Female,24,Trichy,Occasional,2022-04-16
C01110,Meena Reddy,Male,66,Chennai,Occasional,2024-06-05
C01111,Lakshmi Prakash,Female,56,Coimbatore,Occasional,2023-03-04
C01112,Deepa Reddy,Female,18,Salem,Regular,2022-11-13
C01113,Arjun Iyer,Male,66,Coimbatore,Regular,2023-09-27
C01114,Ganesh Reddy,Male,34,Trichy,New,2022-01-09
C01115,Muthu Kumar,Male,60,Trichy,Regular,2024-02-13
C01116,Ravi Iyer,Female,42,Vellore,Regular,2022-08-11
C01117,Vijay Raj,Male,20,Coimbatore,Premium,2023-07-07
C01118,Divya Murthy,Male,32,Trichy,Regular,2023-12-17
C01119,Lakshmi Pillai,Male,46,Tirunelveli,Regular,2022-04-21
C01120,Senthil Iyer,Female,60,Salem,New,2022-09-08
C01121,Ganesh Raj,Female,49,Madurai,Premium,2023-01-18
C01122,Vijay Krishnan,Female,43,Trichy,Regular,2022-01-07
C01123,Senthil Reddy,Male,33,Salem,New,2023-04-04
C01124,Muthu Raj,Female,42,Trichy,New,2022-07-27
C01125,Kavya Pillai,Female,45,Chennai,Regular,2024-06-18
C01126,Ganesh Prakash,Female,26,Chennai,Regular,2022-01-22
C01127,Anitha Raj,Female,18,Vellore,Occasional,2023-02-14
C01128,Suresh Pillai,Male,46,Chennai,Occasional,2024-06-13
C01129,Divya Iyer,Male,39,Salem,Occasional,2023-05-30
C01130,Anitha Raj,Female,33,Coimbatore,Occasional,2024-03-19
C01131,Lakshmi Pillai,Male,58,Madurai,Occasional,2024-05-23
C01132,Suresh Murthy,Female,68,Chennai,Regular,2022-01-14
C01133,Muthu Reddy,Female,61,Chennai,Occasional,2024-08-28
C01134,Suresh Reddy,Male,68,Tirunelveli,Regular,2024-09-04
C01135,Deepa Prakash,Female,58,Erode,Occasional,2024-10-10
C01136,Sowmya Murthy,Male,24,Trichy,Premium,2024-11-01
C01137,Lakshmi Murthy,Male,31,Madurai,Regular,2022-03-28
C01138,Lakshmi Krishnan,Female,46,Trichy,Premium,2024-06-27
C01139,Anitha Prakash,Female,36,Trichy,Regular,2022-05-02
C01140,Lakshmi Pillai,Male,36,Madurai,Regular,2024-01-20
C01141,Ganesh Kumar,Male,19,Chennai,Premium,2023-11-16
C01142,Kavya Kumar,Female,58,Trichy,Regular,2022-11-05
C01143,Sowmya Prakash,Female,62,Salem,Occasional,2023-11-26
C01144,Ravi Reddy,Female,32,Tirunelveli,Regular,2022-10-15
C01145,Sowmya Reddy,Male,20,Chennai,Occasional,2022-11-03
C01146,Sowmya Reddy,Male,28,Salem,Occasional,2024-07-02
C01147,Ganesh Krishnan,Male,63,Trichy,Occasional,2023-10-24
C01148,Lakshmi Raj,Female,47,Coimbatore,Premium,2023-07-03
C01149,Arjun Iyer,Male,57,Chennai,New,2022-11-08
C01150,Anitha Kumar,Male,35,Coimbatore,Regular,2024-05-22
C01151,Vijay Iyer,Female,68,Coimbatore,Regular,2024-12-18
C01152,Anitha Prakash,Male,65,Coimbatore,Regular,2024-07-12
C01153,Ganesh Krishnan,Female,19,Salem,Regular,2024-01-25
C01154,Divya Raj,Female,49,Salem,New,2022-02-04
C01155,Vijay Murthy,Female,25,Trichy,Regular,2023-03-21
C01156,Kavya Murthy,Male,39,Erode,Occasional,2022-04-03
C01157,Priya Krishnan,Male,23,Coimbatore,Occasional,2022-12-19
C01158,Ravi Reddy,Female,29,Chennai,Regular,2024-06-21
C01159,Divya Iyer,Female,64,Trichy,Premium,2024-05-11
C01160,Anitha Kumar,Female,57,Chennai,Regular,2022-06-08
C01161,Ganesh Nair,Male,53,Coimbatore,Premium,2024-08-14
C01162,Kavya Raj,Female,32,Chennai,Regular,2022-01-24
C01163,Ganesh Raj,Female,45,Chennai,New,2023-02-08
C01164,Meena Iyer,Female,69,Vellore,New,2024-03-15
C01165,Kavya Reddy,Female,66,Chennai,Regular,2023-05-31
C01166,Lakshmi Prakash,Female,62,Madurai,Regular,2024-01-02
C01167,Ravi Iyer,Female,35,Chennai,Occasional,2023-06-16
C01168,Priya Pillai,Male,19,Salem,Regular,2024-08-13
C01169,Vijay Murthy,Male,30,Coimbatore,Occasional,2022-06-01
C01170,Lakshmi Pillai,Male,62,Salem,Premium,2024-08-04
C01171,Anitha Nair,Male,32,Coimbatore,Regular,2023-08-31
C01172,Vijay Murthy,Male,37,Chennai,Occasional,2023-02-24
C01173,Divya Prakash,Male,46,Madurai,Premium,2024-05-15
C01174,Deepa Kumar,Male,59,Chennai,New,2023-08-01
C01175,Vijay Prakash,Male,46,Coimbatore,New,2022-12-01
C01176,Suresh Iyer,Female,20,Coimbatore,Regular,2024-07-20
C01177,Suresh Pillai,Female,36,Erode,Regular,2022-10-22
C01178,Meena Reddy,Male,20,Chennai,New,2024-01-25
C01179,Sowmya Prakash,Female,31,Salem,New,2022-07-05
C01180,Vijay Reddy,Female,57,Chennai,Regular,2023-09-29
C01181,Muthu Krishnan,Male,21,Coimbatore,Occasional,2023-06-14
C01182,Karthik Raj,Male,69,Coimbatore,Premium,2022-01-21
C01183,Muthu Murthy,Male,28,Erode,Regular,2024-06-29
C01184,Vijay Pillai,Female,48,Chennai,Occasional,2024-05-16
C01185,Ganesh Krishnan,Female,60,Chennai,Regular,2024-03-04
C01186,Senthil Kumar,Male,49,Coimbatore,New,2022-04-10
C01187,Karthik Krishnan,Male,44,Chennai,Regular,2024-01-22
C01188,Kavya Raj,Male,47,Chennai,Premium,2023-04-23
C01189,Muthu Iyer,Male,60,Trichy,Regular,2024-07-28
C01190,Deepa Iyer,Male,19,Chennai,Premium,2023-06-10
C01191,Sowmya Nair,Male,66,Chennai,Occasional,2022-11-30
C01192,Senthil Nair,Female,26,Salem,Regular,2022-01-02
C01193,Senthil Murthy,Female,45,Coimbatore,Premium,2023-01-10
C01194,Suresh Krishnan,Male,48,Chennai,Premium,2022-10-20
C01195,Senthil Kumar,Female,51,Chennai,Regular,2024-04-16
C01196,Priya Raj,Male,32,Trichy,Occasional,2024-10-01
C01197,Ganesh Kumar,Male,65,Chennai,Regular,2023-07-07
C01198,Divya Prakash,Male,42,Madurai,Premium,2022-11-14
C01199,Ganesh Krishnan,Female,53,Chennai,Premium,2023-01-16
C01200,Arjun Reddy,Female,25,Trichy,Premium,2022-01-14
